{"event": "fresh_start", "t": "08:48:42"}
{"step": 25, "ce": 8.33384, "surp": 28.78628, "rent": 0.0, "div": 0.80615, "persist": -1.19239, "steps_per_s": 2.98, "t": "08:48:51"}
{"step": 50, "ce": 7.9442, "surp": 30.82262, "rent": 0.63765, "div": 0.64055, "persist": -1.18275, "steps_per_s": 3.099, "t": "08:48:59"}
{"step": 75, "ce": 8.28583, "surp": 31.67222, "rent": 0.25648, "div": 0.55833, "persist": -1.16568, "steps_per_s": 3.166, "t": "08:49:06"}
{"step": 100, "ce": 8.18479, "surp": 30.44082, "rent": 0.10559, "div": 0.58061, "persist": -1.19997, "steps_per_s": 2.924, "t": "08:49:17"}
{"step": 125, "self_mse": 0.5506, "var_floor": 0.2241, "contain": 443.49658, "rms": 23.459, "max_norm": 37.118, "steps_per_s": 2.353, "t": "08:49:36"}
{"step": 150, "self_mse": 1.02169, "var_floor": 0.63391, "contain": 421.44345, "rms": 20.9472, "max_norm": 34.302, "steps_per_s": 2.094, "t": "08:49:54"}
{"step": 175, "self_mse": 0.98602, "var_floor": 0.24153, "contain": 472.13242, "rms": 23.8447, "max_norm": 38.313, "steps_per_s": 1.947, "t": "08:50:12"}
{"step": 200, "ce": 7.96332, "surp": 36.6553, "rent": 0.65563, "div": 0.44597, "persist": -1.05793, "steps_per_s": 1.793, "t": "08:50:34"}
{"step": 225, "ce": 6.81901, "surp": 42.47194, "rent": 0.83411, "div": 0.3838, "persist": -0.98049, "steps_per_s": 1.711, "t": "08:50:54"}
{"step": 250, "ce": 7.15298, "surp": 40.17921, "rent": 0.60163, "div": 0.36559, "persist": -1.06924, "steps_per_s": 1.64, "t": "08:51:15"}
{"step": 275, "ce": 7.89818, "surp": 38.445, "rent": 0.66192, "div": 0.35555, "persist": -0.9431, "steps_per_s": 1.562, "t": "08:51:38"}
{"step": 300, "self_mse": 0.85261, "var_floor": 0.66586, "contain": 414.28427, "rms": 21.0406, "max_norm": 35.339, "steps_per_s": 1.52, "t": "08:52:00"}
{"step": 325, "ce": 7.70364, "surp": 39.14606, "rent": 0.50221, "div": 0.25811, "persist": -0.83081, "steps_per_s": 1.481, "t": "08:52:22"}
{"step": 350, "ce": 7.32743, "surp": 34.48136, "rent": 0.56393, "div": 0.23833, "persist": -1.22675, "steps_per_s": 1.447, "t": "08:52:44"}
{"step": 375, "self_mse": 2.03522, "var_floor": 1.0, "contain": 1642.73193, "rms": 23.4635, "max_norm": 65.563, "steps_per_s": 1.408, "t": "08:53:09"}
{"step": 400, "self_mse": 0.8941, "var_floor": 0.28078, "contain": 452.34638, "rms": 21.8581, "max_norm": 36.537, "steps_per_s": 1.377, "t": "08:53:33"}
{"step": 425, "ce": 7.08651, "surp": 41.49577, "rent": 0.7333, "div": 0.22065, "persist": -0.78782, "steps_per_s": 1.357, "t": "08:53:56"}
{"step": 450, "ce": 7.97405, "surp": 26.05894, "rent": 0.65786, "div": 0.13199, "persist": -0.7722, "steps_per_s": 1.34, "t": "08:54:18"}
{"step": 475, "ce": 7.11489, "surp": 41.98662, "rent": 0.73554, "div": 0.25288, "persist": -0.75059, "steps_per_s": 1.337, "t": "08:54:38"}
{"step": 500, "ce": 7.77563, "surp": 47.50337, "rent": 0.67776, "div": 0.20509, "persist": -0.70567, "steps_per_s": 1.32, "t": "08:55:01"}
{"step": 500, "val_ce_nats": 7.0785, "floor_L1": 7.1, "floor_L2": 4.47, "health": {"rho_exact": 0.0, "sites": 200, "entropy_norm": 1.0, "sign_hat": -1.0, "rms": 23.2734, "tau_mean": 1.05, "tau_pinned_frac": 0.0, "gen": {"gen_trigram_transient": 0.7605, "gen_repeat_frac": 0.0548, "gen_sites": 96}}, "gov_w": 0.097, "gov_k_texture": 1.0, "gov_self": 0.4, "gov_adverse": false, "t": "08:55:28"}
{"step": 525, "ce": 7.66054, "surp": 47.47342, "rent": 0.91173, "div": 0.22996, "persist": -0.76455, "steps_per_s": 1.222, "t": "08:55:52"}
{"step": 550, "ce": 7.69138, "surp": 42.07255, "rent": 0.78798, "div": 0.16547, "persist": -1.17565, "steps_per_s": 1.216, "t": "08:56:15"}
{"step": 575, "self_mse": 0.93757, "var_floor": 0.51085, "contain": 424.3718, "rms": 20.4588, "max_norm": 36.711, "steps_per_s": 1.207, "t": "08:56:39"}
{"step": 600, "self_mse": 1.02165, "var_floor": 0.82232, "contain": 441.9668, "rms": 20.1579, "max_norm": 35.716, "steps_per_s": 1.203, "t": "08:57:01"}
{"step": 625, "ce": 7.15587, "surp": 40.92271, "rent": 0.74887, "div": 0.18224, "persist": -0.65136, "steps_per_s": 1.199, "t": "08:57:24"}
{"step": 650, "ce": 7.85543, "surp": 41.90663, "rent": 0.8547, "div": 0.16301, "persist": -0.66567, "steps_per_s": 1.194, "t": "08:57:47"}
{"step": 675, "ce": 7.35456, "surp": 40.10336, "rent": 0.89954, "div": 0.18359, "persist": -0.61325, "steps_per_s": 1.19, "t": "08:58:09"}
{"step": 700, "ce": 6.31776, "surp": 34.74892, "rent": 0.83262, "div": 0.18722, "persist": -0.66978, "steps_per_s": 1.19, "t": "08:58:31"}
{"step": 725, "self_mse": 0.57989, "var_floor": 0.0474, "contain": 449.17944, "rms": 25.18, "max_norm": 48.609, "steps_per_s": 1.193, "t": "08:58:50"}
{"step": 750, "self_mse": 1.08365, "var_floor": 0.10855, "contain": 461.13193, "rms": 22.7948, "max_norm": 45.255, "steps_per_s": 1.194, "t": "08:59:11"}
{"step": 775, "ce": 7.58349, "surp": 41.22853, "rent": 0.8742, "div": 0.11971, "persist": -0.56371, "steps_per_s": 1.194, "t": "08:59:31"}
{"step": 800, "ce": 7.27978, "surp": 26.48117, "rent": 0.90313, "div": 0.15018, "persist": -0.56588, "steps_per_s": 1.192, "t": "08:59:53"}
{"step": 825, "ce": 8.19662, "surp": 30.80802, "rent": 0.94704, "div": 0.14572, "persist": -0.55429, "steps_per_s": 1.19, "t": "09:00:15"}
{"step": 850, "ce": 8.16558, "surp": 35.16452, "rent": 0.82359, "div": 0.14905, "persist": -0.55308, "steps_per_s": 1.185, "t": "09:00:40"}
{"step": 875, "ce": 7.04051, "surp": 25.27296, "rent": 0.86114, "div": 0.13511, "persist": -0.55369, "steps_per_s": 1.184, "t": "09:01:01"}
{"step": 900, "ce": 7.1959, "surp": 33.65798, "rent": 0.84972, "div": 0.13598, "persist": -0.55868, "steps_per_s": 1.18, "t": "09:01:25"}
{"step": 925, "self_mse": 0.24889, "var_floor": 0.06859, "contain": 443.61658, "rms": 23.3216, "max_norm": 55.776, "steps_per_s": 1.182, "t": "09:01:45"}
{"step": 950, "self_mse": 0.29054, "var_floor": 0.11143, "contain": 360.23132, "rms": 21.618, "max_norm": 40.706, "steps_per_s": 1.18, "t": "09:02:07"}
{"step": 975, "ce": 5.72078, "surp": 42.47334, "rent": 0.80269, "div": 0.10125, "persist": -0.54504, "steps_per_s": 1.177, "t": "09:02:30"}
{"step": 1000, "ce": 8.21404, "surp": 34.75428, "rent": 0.76487, "div": 0.1139, "persist": -0.55163, "steps_per_s": 1.176, "t": "09:02:53"}
{"step": 1000, "val_ce_nats": 7.5393, "floor_L1": 7.1, "floor_L2": 4.47, "health": {"rho_exact": 0.0, "sites": 200, "entropy_norm": 1.0, "sign_hat": -1.0, "rms": 22.0216, "tau_mean": 0.55, "tau_pinned_frac": 0.0, "gen": {"gen_trigram_transient": 0.8892, "gen_repeat_frac": 0.0087, "gen_sites": 96}}, "gov_w": 0.094, "gov_k_texture": 1.0, "gov_self": 0.4, "gov_adverse": false, "t": "09:03:19"}
{"step": 1025, "ce": 7.02869, "surp": 55.06269, "rent": 0.85096, "div": 0.07348, "persist": -0.53252, "steps_per_s": 1.138, "t": "09:03:43"}
{"step": 1050, "ce": 7.93534, "surp": 55.35513, "rent": 0.92083, "div": 0.09708, "persist": -0.5469, "steps_per_s": 1.138, "t": "09:04:05"}
{"step": 1075, "self_mse": 0.69839, "var_floor": 1.0, "contain": 1432.99744, "rms": 19.391, "max_norm": 61.728, "steps_per_s": 1.138, "t": "09:04:27"}
{"step": 1100, "self_mse": 0.51583, "var_floor": 1.0, "contain": 1459.55884, "rms": 22.9796, "max_norm": 56.564, "steps_per_s": 1.144, "t": "09:04:44"}
{"step": 1125, "ce": 7.72339, "surp": 51.60449, "rent": 0.93226, "div": 0.07069, "persist": -0.54076, "steps_per_s": 1.148, "t": "09:05:03"}
{"step": 1150, "self_mse": 0.24602, "var_floor": 1.0, "contain": 1807.93262, "rms": 18.8993, "max_norm": 60.172, "steps_per_s": 1.152, "t": "09:05:20"}
{"step": 1175, "ce": 7.70773, "surp": 63.37501, "rent": 0.95079, "div": 0.04925, "persist": -0.53226, "steps_per_s": 1.151, "t": "09:05:44"}
{"step": 1200, "self_mse": 0.45267, "var_floor": 1.0, "contain": 1355.09778, "rms": 22.9979, "max_norm": 56.187, "steps_per_s": 1.149, "t": "09:06:07"}
{"step": 1225, "ce": 6.79181, "surp": 63.60579, "rent": 0.88009, "div": 0.04176, "persist": -0.5349, "steps_per_s": 1.149, "t": "09:06:29"}
{"step": 1250, "ce": 7.60138, "surp": 51.66342, "rent": 0.84145, "div": 0.04414, "persist": -0.52908, "steps_per_s": 1.151, "t": "09:06:49"}
{"step": 1275, "ce": 8.34503, "surp": 59.23497, "rent": 0.96571, "div": 0.03393, "persist": -0.52485, "steps_per_s": 1.152, "t": "09:07:09"}
{"step": 1300, "self_mse": 0.39481, "var_floor": 1.0, "contain": 1545.15955, "rms": 18.6661, "max_norm": 55.926, "steps_per_s": 1.153, "t": "09:07:30"}
{"step": 1325, "self_mse": 0.47845, "var_floor": 1.0, "contain": 1569.96423, "rms": 17.1156, "max_norm": 54.155, "steps_per_s": 1.155, "t": "09:07:49"}
{"step": 1350, "ce": 6.50934, "surp": 67.91195, "rent": 0.86819, "div": 0.00716, "persist": -0.51272, "steps_per_s": 1.153, "t": "09:08:13"}
{"step": 1375, "ce": 7.61409, "surp": 78.63972, "rent": 0.97546, "div": -0.00067, "persist": -0.51088, "steps_per_s": 1.153, "t": "09:08:35"}
{"step": 1400, "ce": 8.10936, "surp": 83.35277, "rent": 0.91938, "div": -0.01513, "persist": -0.5171, "steps_per_s": 1.153, "t": "09:08:56"}
{"event": "fresh_start", "t": "09:12:29"}
{"step": 25, "ce": 8.26581, "surp": 32.643, "rent": 0.0, "div": 0.86593, "persist": -1.18649, "steps_per_s": 1.216, "t": "09:12:50"}
{"step": 50, "ce": 8.73219, "surp": 30.72165, "rent": 0.00134, "div": 0.70835, "persist": -1.20753, "steps_per_s": 1.164, "t": "09:13:12"}
{"step": 75, "ce": 8.18924, "surp": 28.27447, "rent": 0.11566, "div": 0.62356, "persist": -1.16998, "steps_per_s": 1.132, "t": "09:13:35"}
{"step": 100, "ce": 7.77506, "surp": 25.99042, "rent": 0.09183, "div": 0.57737, "persist": -1.15149, "steps_per_s": 1.134, "t": "09:13:57"}
{"step": 125, "self_mse": 0.63588, "var_floor": 0.45565, "contain": 175.2059, "rms": 22.3836, "max_norm": 38.961, "steps_per_s": 1.099, "t": "09:14:23"}
{"step": 150, "self_mse": 1.24115, "var_floor": 0.23971, "contain": 98.45691, "rms": 22.6947, "max_norm": 36.893, "steps_per_s": 1.132, "t": "09:14:42"}
{"step": 175, "self_mse": 0.69954, "var_floor": 0.06802, "contain": 194.07871, "rms": 24.291, "max_norm": 41.395, "steps_per_s": 1.158, "t": "09:15:00"}
{"step": 200, "ce": 8.11202, "surp": 37.6811, "rent": 0.60515, "div": 0.44302, "persist": -1.05134, "steps_per_s": 1.151, "t": "09:15:23"}
{"step": 225, "ce": 6.95717, "surp": 40.98221, "rent": 0.74708, "div": 0.35195, "persist": -1.01804, "steps_per_s": 1.132, "t": "09:15:48"}
{"step": 250, "ce": 7.86155, "surp": 40.56018, "rent": 0.51354, "div": 0.35031, "persist": -1.01368, "steps_per_s": 1.11, "t": "09:16:14"}
{"step": 275, "ce": 7.99727, "surp": 60.4602, "rent": 0.96832, "div": 0.25757, "persist": -1.64791, "steps_per_s": 1.107, "t": "09:16:37"}
{"step": 300, "self_mse": 1.27203, "var_floor": 0.27703, "contain": 462.46429, "rms": 23.745, "max_norm": 60.938, "steps_per_s": 1.116, "t": "09:16:58"}
{"event": "fresh_start", "t": "09:17:05"}
{"step": 25, "ce": 8.26581, "surp": 32.643, "rent": 0.0, "div": 0.86593, "persist": -1.18649, "steps_per_s": 1.047, "t": "09:17:29"}
{"step": 50, "ce": 8.73219, "surp": 30.72165, "rent": 0.00134, "div": 0.70835, "persist": -1.20753, "steps_per_s": 1.083, "t": "09:17:51"}
{"step": 75, "ce": 8.18924, "surp": 28.27447, "rent": 0.11566, "div": 0.62356, "persist": -1.16998, "steps_per_s": 1.11, "t": "09:18:12"}
{"step": 100, "ce": 7.77506, "surp": 25.99042, "rent": 0.09183, "div": 0.57737, "persist": -1.15149, "steps_per_s": 1.122, "t": "09:18:34"}
{"step": 125, "self_mse": 0.63588, "var_floor": 0.45565, "contain": 175.2059, "rms": 22.3836, "max_norm": 38.961, "steps_per_s": 1.138, "t": "09:18:55"}
{"step": 150, "self_mse": 1.24115, "var_floor": 0.23971, "contain": 98.45691, "rms": 22.6947, "max_norm": 36.893, "steps_per_s": 1.156, "t": "09:19:15"}
{"step": 175, "self_mse": 0.69954, "var_floor": 0.06802, "contain": 194.07871, "rms": 24.291, "max_norm": 41.395, "steps_per_s": 1.169, "t": "09:19:35"}
{"step": 200, "ce": 8.11202, "surp": 37.6811, "rent": 0.60515, "div": 0.44302, "persist": -1.05134, "steps_per_s": 1.175, "t": "09:19:55"}
{"step": 225, "ce": 6.95717, "surp": 40.98221, "rent": 0.74708, "div": 0.35195, "persist": -1.01804, "steps_per_s": 1.182, "t": "09:20:15"}
{"step": 250, "ce": 7.86155, "surp": 40.56018, "rent": 0.51354, "div": 0.35031, "persist": -1.01368, "steps_per_s": 1.175, "t": "09:20:38"}
{"step": 275, "ce": 7.99727, "surp": 60.4602, "rent": 0.96832, "div": 0.25757, "persist": -1.64791, "steps_per_s": 1.18, "t": "09:20:58"}
{"step": 300, "self_mse": 1.27203, "var_floor": 0.27703, "contain": 462.46429, "rms": 23.745, "max_norm": 60.938, "steps_per_s": 1.193, "t": "09:21:16"}
{"step": 325, "ce": 7.78485, "surp": 43.23933, "rent": 0.86792, "div": 0.34266, "persist": -0.88034, "steps_per_s": 1.179, "t": "09:21:41"}
{"step": 350, "ce": 7.23877, "surp": 42.8487, "rent": 0.81708, "div": 0.32764, "persist": -0.82414, "steps_per_s": 1.169, "t": "09:22:04"}
{"step": 375, "self_mse": 1.13331, "var_floor": 1.0, "contain": 238.83134, "rms": 20.2001, "max_norm": 42.118, "steps_per_s": 1.163, "t": "09:22:27"}
{"step": 400, "self_mse": 1.02717, "var_floor": 0.86076, "contain": 172.74899, "rms": 20.1642, "max_norm": 38.667, "steps_per_s": 1.165, "t": "09:22:48"}
{"step": 425, "ce": 8.11804, "surp": 68.86113, "rent": 0.89668, "div": 0.30499, "persist": -0.73981, "steps_per_s": 1.172, "t": "09:23:08"}
{"step": 450, "ce": 8.21157, "surp": 37.27431, "rent": 0.6608, "div": 0.28315, "persist": -0.69362, "steps_per_s": 1.172, "t": "09:23:29"}
{"step": 475, "ce": 7.14146, "surp": 53.3094, "rent": 0.6843, "div": 0.25134, "persist": -0.77422, "steps_per_s": 1.18, "t": "09:23:48"}
{"step": 500, "ce": 7.90998, "surp": 66.07471, "rent": 0.66437, "div": 0.19921, "persist": -0.69407, "steps_per_s": 1.177, "t": "09:24:10"}
{"step": 500, "val_ce_nats": 7.0119, "floor_L1": 7.1, "floor_L2": 4.47, "health": {"rho_exact": 0.0, "sites": 200, "entropy_norm": 1.0, "sign_hat": -1.0, "rms": 21.2592, "com_radius": 23.458, "spread_rms": 21.2592, "tau_mean": 0.68, "tau_pinned_frac": 0.001, "gen": {"gen_trigram_transient": 0.8106, "gen_repeat_frac": 0.0363, "gen_sites": 96}}, "gov_w": 0.097, "gov_k_texture": 1.0, "gov_self": 0.4, "gov_adverse": false, "t": "09:24:35"}
{"step": 525, "ce": 7.63778, "surp": 57.09235, "rent": 0.75777, "div": 0.21365, "persist": -0.67489, "steps_per_s": 1.112, "t": "09:24:57"}
{"step": 550, "ce": 7.77103, "surp": 54.49328, "rent": 0.88687, "div": 0.25681, "persist": -0.66753, "steps_per_s": 1.114, "t": "09:25:18"}
{"step": 575, "self_mse": 1.77422, "var_floor": 0.82301, "contain": 172.36087, "rms": 19.7291, "max_norm": 43.743, "steps_per_s": 1.113, "t": "09:25:42"}
{"step": 600, "self_mse": 0.98841, "var_floor": 0.92473, "contain": 554.32703, "rms": 19.1349, "max_norm": 50.885, "steps_per_s": 1.115, "t": "09:26:03"}
{"step": 625, "ce": 7.10675, "surp": 69.33335, "rent": 0.87954, "div": 0.24206, "persist": -0.65096, "steps_per_s": 1.117, "t": "09:26:24"}
{"step": 650, "ce": 7.91234, "surp": 55.9007, "rent": 0.79051, "div": 0.19352, "persist": -0.65985, "steps_per_s": 1.12, "t": "09:26:45"}
{"step": 675, "ce": 7.45112, "surp": 47.75951, "rent": 0.89699, "div": 0.17748, "persist": -0.68213, "steps_per_s": 1.12, "t": "09:27:08"}
{"step": 700, "ce": 13.84194, "surp": 58.68709, "rent": 0.8255, "div": 0.1187, "persist": -2.51488, "steps_per_s": 1.123, "t": "09:27:28"}
{"step": 725, "self_mse": 2.5885, "var_floor": 1.0, "contain": 3783.97852, "rms": 28.0301, "max_norm": 97.91, "steps_per_s": 1.128, "t": "09:27:47"}
{"step": 750, "self_mse": 6.15958, "var_floor": 0.00169, "contain": 808.94531, "rms": 27.0581, "max_norm": 72.21, "steps_per_s": 1.137, "t": "09:28:05"}
{"step": 775, "ce": 7.7788, "surp": 86.04429, "rent": 0.73019, "div": 0.15021, "persist": -0.6377, "steps_per_s": 1.144, "t": "09:28:22"}
{"step": 800, "ce": 7.33414, "surp": 74.29737, "rent": 0.66484, "div": 0.09322, "persist": -1.43166, "steps_per_s": 1.145, "t": "09:28:44"}
{"step": 825, "ce": 7.85137, "surp": 82.57977, "rent": 0.91741, "div": 0.07748, "persist": -0.59113, "steps_per_s": 1.141, "t": "09:29:08"}
{"step": 850, "ce": 8.36945, "surp": 79.23353, "rent": 0.9265, "div": 0.0943, "persist": -0.58534, "steps_per_s": 1.137, "t": "09:29:33"}
{"step": 875, "ce": 7.14159, "surp": 72.12045, "rent": 0.90708, "div": 0.14268, "persist": -0.59212, "steps_per_s": 1.136, "t": "09:29:55"}
{"step": 900, "ce": 7.03105, "surp": 74.09006, "rent": 0.7568, "div": 0.13432, "persist": -0.59189, "steps_per_s": 1.132, "t": "09:30:20"}
{"step": 925, "self_mse": 0.50097, "var_floor": 1.0, "contain": 1556.43701, "rms": 21.1524, "max_norm": 67.914, "steps_per_s": 1.135, "t": "09:30:40"}
{"step": 950, "self_mse": 0.36656, "var_floor": 1.0, "contain": 1503.24707, "rms": 21.6403, "max_norm": 67.276, "steps_per_s": 1.134, "t": "09:31:03"}
{"step": 975, "ce": 5.6542, "surp": 100.14017, "rent": 0.91826, "div": 0.17423, "persist": -0.54606, "steps_per_s": 1.131, "t": "09:31:27"}
{"step": 1000, "ce": 8.07307, "surp": 86.88516, "rent": 0.86501, "div": 0.14038, "persist": -0.54742, "steps_per_s": 1.129, "t": "09:31:50"}
{"step": 1000, "val_ce_nats": 6.956, "floor_L1": 7.1, "floor_L2": 4.47, "health": {"rho_exact": 0.0, "sites": 200, "entropy_norm": 1.0, "sign_hat": -1.0, "rms": 20.6997, "com_radius": 57.278, "spread_rms": 20.6997, "tau_mean": 0.64, "tau_pinned_frac": 0.0, "gen": {"gen_trigram_transient": 0.8273, "gen_repeat_frac": 0.0041, "gen_sites": 96}}, "gov_w": 0.094, "gov_k_texture": 1.0, "gov_self": 0.4, "gov_adverse": false, "t": "09:32:18"}
{"step": 1025, "ce": 7.33493, "surp": 66.88279, "rent": 0.81241, "div": 0.11817, "persist": -0.55028, "steps_per_s": 1.096, "t": "09:32:40"}
{"step": 1050, "ce": 7.84434, "surp": 83.0685, "rent": 0.84946, "div": 0.0576, "persist": -0.71824, "steps_per_s": 1.097, "t": "09:33:02"}
{"step": 1075, "self_mse": 0.86153, "var_floor": 1.0, "contain": 1460.37012, "rms": 21.9333, "max_norm": 65.481, "steps_per_s": 1.097, "t": "09:33:25"}
{"step": 1100, "self_mse": 0.54064, "var_floor": 1.0, "contain": 1674.94861, "rms": 23.2072, "max_norm": 67.531, "steps_per_s": 1.099, "t": "09:33:46"}
{"step": 1125, "ce": 7.57593, "surp": 70.29112, "rent": 0.68105, "div": 0.06572, "persist": -0.53047, "steps_per_s": 1.101, "t": "09:34:07"}
{"step": 1150, "self_mse": 0.29893, "var_floor": 1.0, "contain": 2457.87012, "rms": 30.0536, "max_norm": 75.172, "steps_per_s": 1.103, "t": "09:34:27"}
{"step": 1175, "ce": 7.68887, "surp": 70.34511, "rent": 0.99616, "div": 0.00537, "persist": -0.53515, "steps_per_s": 1.102, "t": "09:34:51"}
{"step": 1200, "self_mse": 11.19921, "var_floor": 0.41969, "contain": 16985.67188, "rms": 56.169, "max_norm": 184.598, "steps_per_s": 1.1, "t": "09:35:16"}
{"step": 1225, "ce": 6.52669, "surp": 87.5471, "rent": 0.7567, "div": 0.0159, "persist": -0.54815, "steps_per_s": 1.099, "t": "09:35:39"}
{"step": 1250, "ce": 7.20768, "surp": 96.65129, "rent": 0.82284, "div": 0.04256, "persist": -0.52602, "steps_per_s": 1.1, "t": "09:36:02"}
{"step": 1275, "ce": 7.75166, "surp": 96.08964, "rent": 0.92858, "div": 0.00706, "persist": -0.54049, "steps_per_s": 1.099, "t": "09:36:25"}
{"step": 1300, "self_mse": 11.00516, "var_floor": 0.4452, "contain": 59.0676, "rms": 18.709, "max_norm": 36.382, "steps_per_s": 1.1, "t": "09:36:47"}
{"step": 1325, "self_mse": 2.59397, "var_floor": 0.62135, "contain": 141.33514, "rms": 18.9645, "max_norm": 38.437, "steps_per_s": 1.103, "t": "09:37:06"}
{"step": 1350, "ce": 6.12871, "surp": 74.52876, "rent": 0.87712, "div": -0.01715, "persist": -0.51252, "steps_per_s": 1.101, "t": "09:37:31"}
{"step": 1375, "ce": 8.22471, "surp": 71.729, "rent": 0.90657, "div": -0.02249, "persist": -0.51128, "steps_per_s": 1.103, "t": "09:37:51"}
{"step": 1400, "ce": 7.97417, "surp": 78.75029, "rent": 0.86853, "div": 0.00434, "persist": -0.51031, "steps_per_s": 1.103, "t": "09:38:14"}
{"step": 1425, "self_mse": 0.42251, "var_floor": 0.99118, "contain": 638.44775, "rms": 16.4576, "max_norm": 52.013, "steps_per_s": 1.104, "t": "09:38:36"}
{"step": 1450, "ce": 7.40205, "surp": 70.69688, "rent": 0.89851, "div": -0.01876, "persist": -0.50786, "steps_per_s": 1.105, "t": "09:38:58"}
{"step": 1475, "ce": 7.54762, "surp": 81.00202, "rent": 0.59602, "div": -0.02032, "persist": -0.51384, "steps_per_s": 1.105, "t": "09:39:20"}
{"step": 1500, "self_mse": 0.52492, "var_floor": 1.0, "contain": 2242.9082, "rms": 20.2702, "max_norm": 79.382, "steps_per_s": 1.104, "t": "09:39:43"}
{"step": 1500, "val_ce_nats": 7.9832, "floor_L1": 7.1, "floor_L2": 4.47, "health": {"rho_exact": 0.0, "sites": 200, "entropy_norm": 1.0, "sign_hat": -1.0, "rms": 21.3276, "com_radius": 67.877, "spread_rms": 21.3276, "tau_mean": 0.73, "tau_pinned_frac": 0.0, "gen": {"gen_trigram_transient": 0.8433, "gen_repeat_frac": 0.0216, "gen_sites": 96}}, "gov_w": 0.091, "gov_k_texture": 1.0, "gov_self": 0.4, "gov_adverse": false, "t": "09:40:07"}
{"step": 1525, "self_mse": 0.87643, "var_floor": 1.0, "contain": 2348.33984, "rms": 24.691, "max_norm": 80.839, "steps_per_s": 1.085, "t": "09:40:30"}
{"step": 1550, "self_mse": 0.65167, "var_floor": 1.0, "contain": 2518.97778, "rms": 27.5998, "max_norm": 77.967, "steps_per_s": 1.084, "t": "09:40:54"}
{"step": 1575, "ce": 7.04894, "surp": 92.06614, "rent": 0.99456, "div": -0.12111, "persist": -0.51443, "steps_per_s": 1.084, "t": "09:41:18"}
{"step": 1600, "self_mse": 4.77973, "var_floor": 0.10254, "contain": 4115.58203, "rms": 34.8626, "max_norm": 104.206, "steps_per_s": 1.086, "t": "09:41:38"}
{"step": 1625, "ce": 7.81648, "surp": 85.03792, "rent": 0.91719, "div": -0.10896, "persist": -3.94707, "steps_per_s": 1.086, "t": "09:42:01"}
{"step": 1650, "self_mse": 5.87373, "var_floor": 1.0, "contain": 381.46533, "rms": 20.4252, "max_norm": 54.828, "steps_per_s": 1.087, "t": "09:42:23"}
{"step": 1675, "ce": 7.78232, "surp": 90.8817, "rent": 0.95483, "div": -0.10474, "persist": -0.50649, "steps_per_s": 1.088, "t": "09:42:44"}
{"step": 1700, "ce": 6.60371, "surp": 74.6621, "rent": 0.86697, "div": -0.0747, "persist": -0.54343, "steps_per_s": 1.091, "t": "09:43:04"}
{"step": 1725, "ce": 7.94069, "surp": 80.51534, "rent": 0.7634, "div": -0.05285, "persist": -0.50595, "steps_per_s": 1.091, "t": "09:43:26"}
{"step": 1750, "self_mse": 0.26878, "var_floor": 1.0, "contain": 643.91449, "rms": 19.6259, "max_norm": 49.058, "steps_per_s": 1.093, "t": "09:43:46"}
{"step": 1775, "ce": 7.43742, "surp": 79.37925, "rent": 0.80195, "div": -0.03719, "persist": -0.51919, "steps_per_s": 1.094, "t": "09:44:08"}
{"step": 1800, "ce": 7.59729, "surp": 82.41318, "rent": 0.88222, "div": -0.06626, "persist": -0.51009, "steps_per_s": 1.094, "t": "09:44:30"}
{"step": 1825, "ce": 7.66145, "surp": 82.2033, "rent": 0.91801, "div": -0.07175, "persist": -0.51742, "steps_per_s": 1.094, "t": "09:44:53"}
{"step": 1850, "ce": 7.93275, "surp": 74.8509, "rent": 0.90571, "div": -0.08909, "persist": -0.50584, "steps_per_s": 1.094, "t": "09:45:15"}
{"step": 1875, "self_mse": 0.18918, "var_floor": 1.0, "contain": 596.93774, "rms": 21.9003, "max_norm": 52.392, "steps_per_s": 1.095, "t": "09:45:37"}
{"step": 1900, "ce": 8.47968, "surp": 80.83708, "rent": 0.89621, "div": -0.03235, "persist": -0.50464, "steps_per_s": 1.097, "t": "09:45:57"}
{"step": 1925, "self_mse": 1.41454, "var_floor": 0.94991, "contain": 580.23846, "rms": 20.9649, "max_norm": 50.442, "steps_per_s": 1.099, "t": "09:46:17"}
{"step": 1950, "self_mse": 0.27657, "var_floor": 1.0, "contain": 587.03363, "rms": 21.8936, "max_norm": 52.505, "steps_per_s": 1.102, "t": "09:46:34"}
{"step": 1975, "self_mse": 0.67684, "var_floor": 0.66335, "contain": 451.30658, "rms": 22.6651, "max_norm": 53.521, "steps_per_s": 1.102, "t": "09:46:57"}
{"step": 2000, "ce": 7.65785, "surp": 75.17043, "rent": 0.86845, "div": -0.08225, "persist": -0.50362, "steps_per_s": 1.102, "t": "09:47:19"}
{"step": 2000, "val_ce_nats": 11.216, "floor_L1": 7.1, "floor_L2": 4.47, "health": {"rho_exact": 0.0, "sites": 200, "entropy_norm": 1.0, "sign_hat": -1.0, "rms": 22.5114, "com_radius": 34.856, "spread_rms": 22.5114, "tau_mean": 0.63, "tau_pinned_frac": 0.001, "gen": {"gen_trigram_transient": 0.8688, "gen_repeat_frac": 0.0134, "gen_sites": 96}}, "gov_w": 0.089, "gov_k_texture": 1.0, "gov_self": 0.4, "gov_adverse": false, "t": "09:47:47"}
{"step": 2025, "ce": 7.69293, "surp": 74.92019, "rent": 0.96169, "div": -0.10349, "persist": -0.5159, "steps_per_s": 1.086, "t": "09:48:09"}
{"step": 2050, "ce": 8.0536, "surp": 76.35063, "rent": 0.87529, "div": -0.0974, "persist": -0.60156, "steps_per_s": 1.086, "t": "09:48:32"}
{"step": 2075, "self_mse": 0.26482, "var_floor": 0.95209, "contain": 441.56, "rms": 22.7174, "max_norm": 46.274, "steps_per_s": 1.087, "t": "09:48:53"}
{"step": 2100, "ce": 8.23393, "surp": 72.49765, "rent": 0.84331, "div": -0.08655, "persist": -0.50368, "steps_per_s": 1.087, "t": "09:49:17"}
{"step": 2125, "ce": 7.03479, "surp": 72.17126, "rent": 0.88663, "div": -0.09608, "persist": -0.53216, "steps_per_s": 1.087, "t": "09:49:41"}
{"step": 2150, "ce": 7.4269, "surp": 76.24203, "rent": 0.93973, "div": -0.10615, "persist": -0.50671, "steps_per_s": 1.086, "t": "09:50:05"}
{"step": 2175, "ce": 7.32582, "surp": 76.36374, "rent": 0.78668, "div": -0.10273, "persist": -0.50661, "steps_per_s": 1.085, "t": "09:50:30"}
{"step": 2200, "ce": 7.68368, "surp": 78.35734, "rent": 0.94537, "div": -0.10546, "persist": -0.50644, "steps_per_s": 1.085, "t": "09:50:52"}
{"step": 2225, "self_mse": 0.23959, "var_floor": 0.52604, "contain": 467.69849, "rms": 23.2468, "max_norm": 47.123, "steps_per_s": 1.086, "t": "09:51:14"}
{"step": 2250, "self_mse": 0.14878, "var_floor": 0.62832, "contain": 443.70215, "rms": 23.7915, "max_norm": 46.218, "steps_per_s": 1.085, "t": "09:51:39"}
{"step": 2275, "ce": 7.50752, "surp": 81.04991, "rent": 0.93782, "div": -0.12318, "persist": -0.52985, "steps_per_s": 1.085, "t": "09:52:02"}
{"step": 2300, "ce": 6.87331, "surp": 78.31472, "rent": 0.96845, "div": -0.12202, "persist": -0.52741, "steps_per_s": 1.085, "t": "09:52:24"}
{"step": 2325, "self_mse": 0.92588, "var_floor": 0.56925, "contain": 475.35223, "rms": 24.4305, "max_norm": 48.204, "steps_per_s": 1.085, "t": "09:52:47"}
{"step": 2350, "ce": 7.29102, "surp": 78.3119, "rent": 0.98186, "div": -0.13012, "persist": -0.51144, "steps_per_s": 1.085, "t": "09:53:10"}
{"step": 2375, "self_mse": 0.10502, "var_floor": 0.55469, "contain": 412.79211, "rms": 24.0873, "max_norm": 47.06, "steps_per_s": 1.084, "t": "09:53:36"}
{"step": 2400, "self_mse": 0.08712, "var_floor": 0.5477, "contain": 417.7352, "rms": 24.1047, "max_norm": 47.779, "steps_per_s": 1.083, "t": "09:54:00"}
{"step": 2425, "self_mse": 0.19117, "var_floor": 0.53945, "contain": 420.58786, "rms": 24.1913, "max_norm": 48.825, "steps_per_s": 1.083, "t": "09:54:24"}
{"step": 2450, "ce": 6.9852, "surp": 74.28739, "rent": 0.86668, "div": -0.12627, "persist": -0.50438, "steps_per_s": 1.083, "t": "09:54:47"}
{"step": 2475, "ce": 7.63834, "surp": 75.9096, "rent": 0.97801, "div": -0.12609, "persist": -0.50768, "steps_per_s": 1.084, "t": "09:55:09"}
{"step": 2500, "ce": 7.37029, "surp": 74.69254, "rent": 0.96953, "div": -0.12649, "persist": -0.50267, "steps_per_s": 1.084, "t": "09:55:32"}
{"step": 2500, "val_ce_nats": 7.8496, "floor_L1": 7.1, "floor_L2": 4.47, "health": {"rho_exact": 0.0, "sites": 200, "entropy_norm": 1.0, "sign_hat": -1.0, "rms": 23.7227, "com_radius": 33.286, "spread_rms": 23.7227, "tau_mean": 0.65, "tau_pinned_frac": 0.003, "gen": {"gen_trigram_transient": 0.8657, "gen_repeat_frac": 0.0072, "gen_sites": 96}}, "gov_w": 0.086, "gov_k_texture": 1.0, "gov_self": 0.4, "gov_adverse": false, "t": "09:55:57"}
{"event": "ckpt", "step": 2500, "t": "09:55:59"}
{"step": 2525, "self_mse": 4.56617, "var_floor": 0.19494, "contain": 79.97697, "rms": 23.2332, "max_norm": 35.462, "steps_per_s": 1.071, "t": "09:56:22"}
{"step": 2550, "ce": 7.61099, "surp": 51.86365, "rent": 0.82409, "div": -0.09298, "persist": -0.50316, "steps_per_s": 1.072, "t": "09:56:44"}
{"step": 2575, "ce": 7.73868, "surp": 60.42016, "rent": 0.88154, "div": -0.07918, "persist": -0.50224, "steps_per_s": 1.072, "t": "09:57:08"}
{"step": 2600, "ce": 9.04661, "surp": 53.5841, "rent": 0.92437, "div": -0.08468, "persist": -0.50195, "steps_per_s": 1.071, "t": "09:57:33"}
{"step": 2625, "ce": 6.97878, "surp": 49.5651, "rent": 0.94432, "div": -0.09012, "persist": -0.50318, "steps_per_s": 1.071, "t": "09:57:57"}
{"step": 2650, "ce": 7.39566, "surp": 47.21586, "rent": 0.91494, "div": -0.09773, "persist": -0.50275, "steps_per_s": 1.071, "t": "09:58:20"}
{"step": 2675, "ce": 7.47802, "surp": 49.22899, "rent": 0.94522, "div": -0.10014, "persist": -0.50453, "steps_per_s": 1.071, "t": "09:58:42"}
{"step": 2700, "ce": 6.87467, "surp": 49.05153, "rent": 0.92775, "div": -0.10104, "persist": -0.5051, "steps_per_s": 1.071, "t": "09:59:07"}
{"step": 2725, "ce": 6.92229, "surp": 47.53066, "rent": 0.91605, "div": -0.08812, "persist": -0.50203, "steps_per_s": 1.071, "t": "09:59:30"}
{"step": 2750, "ce": 7.13377, "surp": 50.46262, "rent": 0.90573, "div": -0.10616, "persist": -0.50241, "steps_per_s": 1.071, "t": "09:59:52"}
{"step": 2775, "self_mse": 0.32206, "var_floor": 0.88808, "contain": 114.28076, "rms": 23.3665, "max_norm": 51.891, "steps_per_s": 1.071, "t": "10:00:15"}
{"step": 2800, "ce": 6.58513, "surp": 51.69246, "rent": 0.87783, "div": -0.09813, "persist": -0.50481, "steps_per_s": 1.072, "t": "10:00:37"}
{"step": 2825, "self_mse": 0.1795, "var_floor": 0.70278, "contain": 101.89998, "rms": 22.7386, "max_norm": 47.973, "steps_per_s": 1.072, "t": "10:00:59"}
{"step": 2850, "self_mse": 0.28954, "var_floor": 1.0, "contain": 91.16008, "rms": 22.3037, "max_norm": 49.44, "steps_per_s": 1.073, "t": "10:01:22"}
{"step": 2875, "ce": 7.22353, "surp": 52.48267, "rent": 0.90649, "div": -0.11271, "persist": -0.50136, "steps_per_s": 1.073, "t": "10:01:43"}
{"step": 2900, "ce": 7.05076, "surp": 54.34739, "rent": 0.94701, "div": -0.11233, "persist": -0.5016, "steps_per_s": 1.074, "t": "10:02:05"}
{"step": 2925, "ce": 7.2235, "surp": 63.64012, "rent": 0.8533, "div": -0.10987, "persist": -0.50222, "steps_per_s": 1.074, "t": "10:02:29"}
{"step": 2950, "self_mse": 0.2707, "var_floor": 0.30535, "contain": 139.41994, "rms": 22.9333, "max_norm": 45.661, "steps_per_s": 1.074, "t": "10:02:52"}
{"step": 2975, "self_mse": 0.22508, "var_floor": 0.35583, "contain": 136.67778, "rms": 23.2562, "max_norm": 48.763, "steps_per_s": 1.074, "t": "10:03:14"}
{"step": 3000, "ce": 7.27593, "surp": 44.66832, "rent": 0.83129, "div": -0.10343, "persist": -0.54479, "steps_per_s": 1.075, "t": "10:03:35"}
{"step": 3000, "val_ce_nats": 7.9675, "floor_L1": 7.1, "floor_L2": 4.47, "health": {"rho_exact": 0.0, "sites": 200, "entropy_norm": 1.0, "sign_hat": -1.0, "rms": 22.5109, "com_radius": 16.296, "spread_rms": 22.5109, "tau_mean": 0.54, "tau_pinned_frac": 0.0, "gen": {"gen_trigram_transient": 0.767, "gen_repeat_frac": 0.0464, "gen_sites": 96}}, "gov_w": 0.083, "gov_k_texture": 1.0, "gov_self": 0.4, "gov_adverse": false, "t": "10:04:02"}
{"step": 3025, "self_mse": 0.67826, "var_floor": 0.25789, "contain": 136.89192, "rms": 20.9907, "max_norm": 46.628, "steps_per_s": 1.065, "t": "10:04:25"}
{"step": 3050, "ce": 7.67112, "surp": 49.71242, "rent": 0.90583, "div": -0.10407, "persist": -0.5086, "steps_per_s": 1.065, "t": "10:04:49"}
{"step": 3075, "self_mse": 0.90515, "var_floor": 0.72536, "contain": 221.60582, "rms": 21.3592, "max_norm": 44.217, "steps_per_s": 1.065, "t": "10:05:13"}
{"step": 3100, "ce": 7.37261, "surp": 49.90342, "rent": 0.96611, "div": -0.10904, "persist": -0.50241, "steps_per_s": 1.065, "t": "10:05:36"}
{"step": 3125, "ce": 22.9848, "surp": 52.0304, "rent": 0.91423, "div": -0.08447, "persist": -0.50211, "steps_per_s": 1.065, "t": "10:05:58"}
{"step": 3150, "self_mse": 0.14432, "var_floor": 0.45858, "contain": 227.05847, "rms": 22.5153, "max_norm": 47.911, "steps_per_s": 1.065, "t": "10:06:22"}
{"step": 3175, "self_mse": 0.12195, "var_floor": 0.51258, "contain": 224.42233, "rms": 22.5245, "max_norm": 47.281, "steps_per_s": 1.066, "t": "10:06:44"}
{"step": 3200, "ce": 7.61348, "surp": 65.70821, "rent": 0.92712, "div": -0.11196, "persist": -0.50751, "steps_per_s": 1.066, "t": "10:07:07"}
{"step": 3225, "self_mse": 0.27888, "var_floor": 0.45875, "contain": 208.87585, "rms": 22.3458, "max_norm": 48.165, "steps_per_s": 1.066, "t": "10:07:30"}
{"step": 3250, "ce": 7.76652, "surp": 63.10956, "rent": 0.93448, "div": -0.11607, "persist": -0.50199, "steps_per_s": 1.066, "t": "10:07:53"}
{"step": 3275, "ce": 7.18726, "surp": 60.42752, "rent": 0.95561, "div": -0.10869, "persist": -0.54373, "steps_per_s": 1.066, "t": "10:08:16"}
{"step": 3300, "ce": 7.65973, "surp": 67.917, "rent": 0.9458, "div": -0.12451, "persist": -0.50187, "steps_per_s": 1.067, "t": "10:08:37"}
{"step": 3325, "self_mse": 0.07633, "var_floor": 0.4866, "contain": 180.70761, "rms": 22.3276, "max_norm": 45.103, "steps_per_s": 1.068, "t": "10:08:59"}
{"step": 3350, "ce": 7.94358, "surp": 65.76655, "rent": 0.99309, "div": -0.13219, "persist": -0.52428, "steps_per_s": 1.069, "t": "10:09:20"}
{"step": 3375, "ce": 7.4738, "surp": 62.83802, "rent": 0.87146, "div": -0.12466, "persist": -0.50135, "steps_per_s": 1.069, "t": "10:09:41"}
{"step": 3400, "ce": 7.32583, "surp": 73.11943, "rent": 0.8952, "div": -0.11571, "persist": -0.50407, "steps_per_s": 1.069, "t": "10:10:04"}
{"step": 3425, "ce": 7.49737, "surp": 75.72804, "rent": 0.97032, "div": -0.1183, "persist": -0.50152, "steps_per_s": 1.07, "t": "10:10:25"}
{"event": "resume", "from_step": 2500, "ckpt": "zeus_step2500.pt", "t": "10:10:48"}
{"step": 2525, "ce": 7.30498, "surp": 79.96892, "rent": 0.99164, "div": -0.1216, "persist": -0.50524, "steps_per_s": 114.257, "t": "10:11:11"}
{"step": 2550, "ce": 6.75836, "surp": 72.32782, "rent": 0.92788, "div": -0.11878, "persist": -0.91517, "steps_per_s": 58.21, "t": "10:11:32"}
{"step": 2575, "ce": 7.35849, "surp": 52.35163, "rent": 0.83846, "div": -0.11178, "persist": -0.50171, "steps_per_s": 39.985, "t": "10:11:53"}
{"step": 2600, "ce": 7.24492, "surp": 48.99942, "rent": 0.90348, "div": -0.10123, "persist": -0.50201, "steps_per_s": 30.568, "t": "10:12:14"}
{"step": 2625, "self_mse": 0.99434, "var_floor": 0.13353, "contain": 143.32956, "rms": 21.1403, "max_norm": 45.405, "steps_per_s": 24.964, "t": "10:12:34"}
{"step": 2650, "self_mse": 0.30764, "var_floor": 0.22861, "contain": 101.53845, "rms": 19.6562, "max_norm": 46.144, "steps_per_s": 20.881, "t": "10:12:55"}
{"step": 2675, "self_mse": 0.27357, "var_floor": 0.21612, "contain": 110.49733, "rms": 19.7169, "max_norm": 48.487, "steps_per_s": 18.447, "t": "10:13:13"}
{"step": 2700, "ce": 7.39671, "surp": 43.38007, "rent": 0.93963, "div": -0.08613, "persist": -0.50177, "steps_per_s": 16.162, "t": "10:13:36"}
{"step": 2725, "ce": 6.53271, "surp": 51.19042, "rent": 0.87598, "div": -0.08696, "persist": -0.50184, "steps_per_s": 14.457, "t": "10:13:57"}
{"step": 2750, "ce": 6.91878, "surp": 51.94636, "rent": 0.91327, "div": -0.10106, "persist": -0.50174, "steps_per_s": 13.169, "t": "10:14:17"}
{"step": 2775, "ce": 7.94696, "surp": 50.01644, "rent": 0.9096, "div": -0.11366, "persist": -0.50737, "steps_per_s": 12.125, "t": "10:14:37"}
{"step": 2800, "self_mse": 0.18721, "var_floor": 0.18439, "contain": 74.04424, "rms": 20.8798, "max_norm": 46.08, "steps_per_s": 11.285, "t": "10:14:57"}
{"step": 2825, "ce": 7.46441, "surp": 55.96233, "rent": 0.96978, "div": -0.12242, "persist": -0.50503, "steps_per_s": 10.476, "t": "10:15:18"}
{"step": 2850, "ce": 7.09076, "surp": 50.99572, "rent": 0.96852, "div": -0.11184, "persist": -0.50419, "steps_per_s": 9.769, "t": "10:15:40"}
{"step": 2875, "self_mse": 0.33842, "var_floor": 0.18316, "contain": 72.30199, "rms": 21.0194, "max_norm": 45.837, "steps_per_s": 9.159, "t": "10:16:02"}
{"step": 2900, "self_mse": 0.23298, "var_floor": 0.18862, "contain": 66.97557, "rms": 20.952, "max_norm": 43.104, "steps_per_s": 8.654, "t": "10:16:24"}
{"step": 2925, "ce": 6.9702, "surp": 49.44063, "rent": 0.90785, "div": -0.10011, "persist": -0.50125, "steps_per_s": 8.243, "t": "10:16:43"}
{"step": 2950, "ce": 7.62754, "surp": 60.04201, "rent": 0.92378, "div": -0.09286, "persist": -0.50149, "steps_per_s": 7.851, "t": "10:17:04"}
{"step": 2975, "ce": 6.90418, "surp": 61.55128, "rent": 0.9963, "div": -0.08664, "persist": -0.5012, "steps_per_s": 7.546, "t": "10:17:23"}
{"step": 3000, "ce": 7.14319, "surp": 57.6999, "rent": 0.97344, "div": -0.09659, "persist": -0.50852, "steps_per_s": 7.198, "t": "10:17:45"}
{"step": 3000, "val_ce_nats": 6.9427, "floor_L1": 7.1, "floor_L2": 4.47, "health": {"rho_exact": 0.0, "sites": 200, "entropy_norm": 1.0, "sign_hat": -1.0, "rms": 21.1544, "com_radius": 10.044, "spread_rms": 21.1544, "excursion": {"t24": {"norm": 24.13, "conf": 0.4644}, "t48": {"norm": 22.53, "conf": 0.0903}, "t96": {"norm": 23.177, "conf": 0.2135}, "t199": {"norm": 24.254, "conf": 0.0384}}, "tau_mean": 0.5, "tau_pinned_frac": 0.0, "gen": {"gen_trigram_transient": 0.7977, "gen_repeat_frac": 0.0363, "gen_sites": 96}}, "gov_w": 0.083, "gov_k_texture": 1.0, "gov_self": 0.4, "gov_adverse": false, "t": "10:18:11"}
{"step": 3025, "ce": 7.07737, "surp": 57.29259, "rent": 0.99018, "div": -0.11178, "persist": -0.51716, "steps_per_s": 6.495, "t": "10:18:34"}
{"step": 3050, "ce": 6.50818, "surp": 56.03655, "rent": 0.99138, "div": -0.12104, "persist": -0.51015, "steps_per_s": 6.227, "t": "10:18:58"}
{"step": 3075, "self_mse": 0.1436, "var_floor": 0.21515, "contain": 67.954, "rms": 21.0786, "max_norm": 43.392, "steps_per_s": 5.978, "t": "10:19:23"}
{"step": 3100, "self_mse": 0.1675, "var_floor": 0.21703, "contain": 63.2074, "rms": 20.9717, "max_norm": 41.491, "steps_per_s": 5.766, "t": "10:19:46"}
{"step": 3125, "ce": 6.82766, "surp": 56.76322, "rent": 0.99627, "div": -0.13157, "persist": -0.50996, "steps_per_s": 5.57, "t": "10:20:10"}
{"step": 3150, "ce": 7.28861, "surp": 53.6602, "rent": 0.90968, "div": -0.10307, "persist": -0.50188, "steps_per_s": 5.397, "t": "10:20:32"}
{"step": 3175, "ce": 7.03218, "surp": 53.68742, "rent": 0.88564, "div": -0.09346, "persist": -0.50142, "steps_per_s": 5.231, "t": "10:20:55"}
{"step": 3200, "ce": 6.52786, "surp": 54.0635, "rent": 0.98118, "div": -0.10064, "persist": -0.50117, "steps_per_s": 5.085, "t": "10:21:18"}
{"step": 3225, "self_mse": 0.27403, "var_floor": 0.24668, "contain": 69.58776, "rms": 21.0713, "max_norm": 43.25, "steps_per_s": 4.969, "t": "10:21:37"}
{"step": 3250, "self_mse": 0.22292, "var_floor": 0.25236, "contain": 73.93613, "rms": 21.0042, "max_norm": 44.64, "steps_per_s": 4.849, "t": "10:21:59"}
{"step": 3275, "ce": 7.41159, "surp": 49.9625, "rent": 0.85189, "div": -0.08871, "persist": -0.5015, "steps_per_s": 4.742, "t": "10:22:19"}
{"step": 3300, "ce": 7.06204, "surp": 53.66525, "rent": 0.81131, "div": -0.1063, "persist": -0.50091, "steps_per_s": 4.635, "t": "10:22:40"}
{"step": 3325, "ce": 7.34759, "surp": 48.9787, "rent": 0.9046, "div": -0.10277, "persist": -0.50101, "steps_per_s": 4.522, "t": "10:23:04"}
{"step": 3350, "ce": 7.59261, "surp": 55.13622, "rent": 0.98381, "div": -0.10051, "persist": -0.50084, "steps_per_s": 4.409, "t": "10:23:28"}
{"step": 3375, "ce": 6.72073, "surp": 56.13078, "rent": 0.93426, "div": -0.11536, "persist": -0.50132, "steps_per_s": 4.313, "t": "10:23:51"}
{"step": 3400, "ce": 6.79256, "surp": 54.3965, "rent": 0.9865, "div": -0.11268, "persist": -0.50132, "steps_per_s": 4.215, "t": "10:24:15"}
{"step": 3425, "self_mse": 0.16902, "var_floor": 0.2233, "contain": 71.47588, "rms": 21.1601, "max_norm": 44.296, "steps_per_s": 4.147, "t": "10:24:34"}
{"step": 3450, "self_mse": 0.16636, "var_floor": 0.23429, "contain": 70.57896, "rms": 21.1667, "max_norm": 44.178, "steps_per_s": 4.063, "t": "10:24:58"}
{"step": 3475, "ce": 5.49381, "surp": 53.29798, "rent": 0.99308, "div": -0.12265, "persist": -0.50541, "steps_per_s": 3.982, "t": "10:25:21"}
{"step": 3500, "ce": 7.7425, "surp": 54.03444, "rent": 0.98175, "div": -0.12864, "persist": -0.50363, "steps_per_s": 3.912, "t": "10:25:43"}
{"step": 3500, "val_ce_nats": 9.1233, "floor_L1": 7.1, "floor_L2": 4.47, "health": {"rho_exact": 0.0, "sites": 200, "entropy_norm": 1.0, "sign_hat": -1.0, "rms": 20.9911, "com_radius": 8.712, "spread_rms": 20.9911, "excursion": {"t24": {"norm": 24.198, "conf": 0.0425}, "t48": {"norm": 21.081, "conf": 0.0396}, "t96": {"norm": 22.263, "conf": 0.1123}, "t199": {"norm": 23.072, "conf": 0.0399}}, "tau_mean": 0.5, "tau_pinned_frac": 0.0, "gen": {"gen_trigram_transient": 0.7874, "gen_repeat_frac": 0.0287, "gen_sites": 96}}, "gov_w": 0.081, "gov_k_texture": 1.0, "gov_self": 0.4, "gov_adverse": false, "t": "10:26:07"}
{"step": 3525, "ce": 6.33052, "surp": 53.40224, "rent": 0.99594, "div": -0.1312, "persist": -0.50335, "steps_per_s": 3.749, "t": "10:26:29"}
{"step": 3550, "ce": 22.74966, "surp": 52.50464, "rent": 0.95865, "div": -0.13314, "persist": -0.50426, "steps_per_s": 3.69, "t": "10:26:51"}
{"step": 3575, "self_mse": 0.17872, "var_floor": 0.29649, "contain": 65.30837, "rms": 20.6593, "max_norm": 43.05, "steps_per_s": 3.631, "t": "10:27:13"}
{"step": 3600, "self_mse": 0.0981, "var_floor": 0.28701, "contain": 66.60617, "rms": 20.7085, "max_norm": 42.393, "steps_per_s": 3.566, "t": "10:27:38"}
{"step": 3625, "ce": 7.79243, "surp": 45.16878, "rent": 0.93975, "div": -0.11936, "persist": -0.50322, "steps_per_s": 3.514, "t": "10:28:00"}
{"step": 3650, "self_mse": 0.58197, "var_floor": 0.39882, "contain": 250.86081, "rms": 23.8237, "max_norm": 54.338, "steps_per_s": 3.471, "t": "10:28:20"}
{"step": 3675, "ce": 7.39492, "surp": 44.19385, "rent": 0.77788, "div": -0.11864, "persist": -0.63679, "steps_per_s": 3.415, "t": "10:28:45"}
{"step": 3700, "self_mse": 0.28787, "var_floor": 0.13558, "contain": 147.6478, "rms": 22.2508, "max_norm": 50.486, "steps_per_s": 3.363, "t": "10:29:09"}
{"step": 3725, "ce": 5.79858, "surp": 47.28201, "rent": 0.836, "div": -0.09884, "persist": -0.5009, "steps_per_s": 3.316, "t": "10:29:32"}
{"step": 3750, "ce": 7.4218, "surp": 50.5786, "rent": 0.91528, "div": -0.09482, "persist": -0.50111, "steps_per_s": 3.273, "t": "10:29:54"}
{"step": 3775, "ce": 6.77111, "surp": 52.28216, "rent": 0.90473, "div": -0.10236, "persist": -0.50069, "steps_per_s": 3.232, "t": "10:30:17"}
{"step": 3800, "self_mse": 0.23766, "var_floor": 0.16477, "contain": 137.25201, "rms": 22.1482, "max_norm": 49.85, "steps_per_s": 3.197, "t": "10:30:37"}
{"step": 3825, "self_mse": 0.23387, "var_floor": 0.15519, "contain": 134.57024, "rms": 22.0972, "max_norm": 48.952, "steps_per_s": 3.163, "t": "10:30:58"}
{"step": 3850, "ce": 7.04091, "surp": 87.9385, "rent": 0.7771, "div": -0.10911, "persist": -0.86914, "steps_per_s": 3.116, "t": "10:31:24"}
{"step": 3875, "ce": 7.63559, "surp": 72.49946, "rent": 0.91668, "div": -0.10277, "persist": -0.66489, "steps_per_s": 3.075, "t": "10:31:49"}
{"step": 3900, "ce": 8.16187, "surp": 59.92822, "rent": 0.99613, "div": -0.04403, "persist": -0.50938, "steps_per_s": 3.039, "t": "10:32:12"}
{"step": 3925, "self_mse": 0.18265, "var_floor": 0.13353, "contain": 143.51364, "rms": 22.1657, "max_norm": 48.754, "steps_per_s": 3.004, "t": "10:32:35"}
{"step": 3950, "ce": 7.52499, "surp": 40.25478, "rent": 0.89724, "div": -0.08907, "persist": -0.67467, "steps_per_s": 2.971, "t": "10:32:58"}
{"step": 3975, "ce": 8.75811, "surp": 50.24027, "rent": 0.78926, "div": -0.08754, "persist": -0.50071, "steps_per_s": 2.939, "t": "10:33:21"}
{"step": 4000, "self_mse": 0.3418, "var_floor": 0.15333, "contain": 114.17077, "rms": 21.6667, "max_norm": 48.824, "steps_per_s": 2.904, "t": "10:33:46"}
{"step": 4000, "val_ce_nats": 7.2385, "floor_L1": 7.1, "floor_L2": 4.47, "health": {"rho_exact": 0.0, "sites": 200, "entropy_norm": 1.0, "sign_hat": -1.0, "rms": 21.506, "com_radius": 13.837, "spread_rms": 21.506, "excursion": {"t24": {"norm": 25.485, "conf": 0.1024}, "t48": {"norm": 25.311, "conf": 0.0195}, "t96": {"norm": 26.562, "conf": 0.0195}, "t199": {"norm": 24.976, "conf": 0.0252}}, "tau_mean": 0.51, "tau_pinned_frac": 0.0, "gen": {"gen_trigram_transient": 0.8711, "gen_repeat_frac": 0.0064, "gen_sites": 96}}, "gov_w": 0.078, "gov_k_texture": 1.0, "gov_self": 0.4, "gov_adverse": false, "t": "10:34:12"}
{"step": 4025, "self_mse": 0.33932, "var_floor": 0.15929, "contain": 119.75525, "rms": 21.5351, "max_norm": 49.985, "steps_per_s": 2.822, "t": "10:34:35"}
{"step": 4050, "self_mse": 0.42178, "var_floor": 0.5115, "contain": 116.32229, "rms": 20.0143, "max_norm": 48.565, "steps_per_s": 2.794, "t": "10:34:58"}
{"step": 4075, "ce": 6.55917, "surp": 54.64662, "rent": 0.89637, "div": -0.09761, "persist": -0.50353, "steps_per_s": 2.764, "t": "10:35:23"}
{"step": 4100, "self_mse": 0.2997, "var_floor": 0.50083, "contain": 110.79028, "rms": 21.4605, "max_norm": 47.306, "steps_per_s": 2.741, "t": "10:35:44"}
{"step": 4125, "ce": 7.70804, "surp": 53.26163, "rent": 0.86641, "div": -0.10087, "persist": -0.50127, "steps_per_s": 2.715, "t": "10:36:08"}
{"step": 4150, "self_mse": 0.9196, "var_floor": 0.17597, "contain": 121.58392, "rms": 22.4041, "max_norm": 51.425, "steps_per_s": 2.69, "t": "10:36:31"}
{"step": 4175, "ce": 7.24266, "surp": 60.13377, "rent": 0.87954, "div": -0.10593, "persist": -0.50097, "steps_per_s": 2.667, "t": "10:36:54"}
{"step": 4200, "ce": 6.0241, "surp": 51.95632, "rent": 0.87482, "div": -0.09571, "persist": -0.52199, "steps_per_s": 2.648, "t": "10:37:15"}
{"step": 4225, "ce": 7.60094, "surp": 49.41958, "rent": 0.86801, "div": -0.08913, "persist": -0.50081, "steps_per_s": 2.623, "t": "10:37:39"}
{"step": 4250, "self_mse": 1.4865, "var_floor": 0.05066, "contain": 85.87546, "rms": 23.0158, "max_norm": 41.745, "steps_per_s": 2.605, "t": "10:38:00"}
{"step": 4275, "ce": 7.36289, "surp": 39.23266, "rent": 0.94344, "div": -0.08947, "persist": -0.50181, "steps_per_s": 2.585, "t": "10:38:22"}
{"step": 4300, "ce": 7.18149, "surp": 46.26028, "rent": 0.97552, "div": -0.09382, "persist": -0.50141, "steps_per_s": 2.562, "t": "10:38:47"}
{"step": 4325, "ce": 7.46378, "surp": 47.22214, "rent": 0.89083, "div": -0.09516, "persist": -0.50124, "steps_per_s": 2.542, "t": "10:39:10"}
{"step": 4350, "ce": 7.55344, "surp": 41.32303, "rent": 0.911, "div": -0.09645, "persist": -0.5006, "steps_per_s": 2.518, "t": "10:39:36"}
{"step": 4375, "self_mse": 0.58873, "var_floor": 0.06004, "contain": 80.2105, "rms": 23.2929, "max_norm": 42.248, "steps_per_s": 2.499, "t": "10:39:59"}
{"step": 4400, "ce": 8.36816, "surp": 39.58912, "rent": 0.87374, "div": -0.09675, "persist": -0.52584, "steps_per_s": 2.483, "t": "10:40:21"}
{"step": 4425, "self_mse": 0.14283, "var_floor": 0.06245, "contain": 72.47444, "rms": 22.8269, "max_norm": 41.734, "steps_per_s": 2.466, "t": "10:40:43"}
{"step": 4450, "self_mse": 0.16889, "var_floor": 0.06267, "contain": 71.3969, "rms": 22.748, "max_norm": 42.027, "steps_per_s": 2.452, "t": "10:41:04"}
{"step": 4475, "self_mse": 0.21433, "var_floor": 0.06785, "contain": 66.90229, "rms": 22.7044, "max_norm": 41.241, "steps_per_s": 2.434, "t": "10:41:27"}
{"step": 4500, "ce": 7.35323, "surp": 41.03095, "rent": 0.94516, "div": -0.10074, "persist": -0.50352, "steps_per_s": 2.417, "t": "10:41:50"}
{"step": 4500, "val_ce_nats": 9.7082, "floor_L1": 7.1, "floor_L2": 4.47, "health": {"rho_exact": 0.0, "sites": 200, "entropy_norm": 1.0, "sign_hat": -1.0, "rms": 22.2171, "com_radius": 8.155, "spread_rms": 22.2171, "excursion": {"t24": {"norm": 24.684, "conf": 0.0413}, "t48": {"norm": 22.559, "conf": 0.0218}, "t96": {"norm": 23.223, "conf": 0.0233}, "t199": {"norm": 22.33, "conf": 0.0274}}, "tau_mean": 0.51, "tau_pinned_frac": 0.0, "gen": {"gen_trigram_transient": 0.7665, "gen_repeat_frac": 0.0542, "gen_sites": 96}}, "gov_w": 0.076, "gov_k_texture": 1.0, "gov_self": 0.4, "gov_adverse": false, "t": "10:42:15"}
{"step": 4525, "ce": 7.05761, "surp": 44.71301, "rent": 0.96814, "div": -0.10213, "persist": -0.51737, "steps_per_s": 2.37, "t": "10:42:38"}
{"step": 4550, "ce": 8.47183, "surp": 46.08425, "rent": 0.99313, "div": -0.10524, "persist": -0.5007, "steps_per_s": 2.356, "t": "10:43:00"}
{"step": 4575, "self_mse": 0.12445, "var_floor": 0.08313, "contain": 64.84264, "rms": 22.8418, "max_norm": 41.239, "steps_per_s": 2.344, "t": "10:43:20"}
{"step": 4600, "ce": 8.01935, "surp": 45.33749, "rent": 0.95267, "div": -0.1121, "persist": -0.50266, "steps_per_s": 2.328, "t": "10:43:44"}
{"step": 4625, "ce": 7.03211, "surp": 42.39617, "rent": 0.91765, "div": -0.11043, "persist": -0.50196, "steps_per_s": 2.315, "t": "10:44:06"}
{"step": 4650, "ce": 6.86662, "surp": 46.01455, "rent": 0.84082, "div": -0.10883, "persist": -0.50161, "steps_per_s": 2.301, "t": "10:44:30"}
{"step": 4675, "ce": 7.31381, "surp": 49.82714, "rent": 0.90641, "div": -0.10972, "persist": -0.50232, "steps_per_s": 2.285, "t": "10:44:55"}
{"step": 4700, "ce": 7.02376, "surp": 46.06182, "rent": 0.92941, "div": -0.11382, "persist": -0.50095, "steps_per_s": 2.273, "t": "10:45:17"}
{"step": 4725, "self_mse": 0.16379, "var_floor": 0.10972, "contain": 73.68277, "rms": 22.2672, "max_norm": 43.731, "steps_per_s": 2.26, "t": "10:45:39"}
{"step": 4750, "self_mse": 0.18417, "var_floor": 0.10786, "contain": 68.83087, "rms": 22.2627, "max_norm": 42.155, "steps_per_s": 2.246, "t": "10:46:04"}
{"step": 4775, "ce": 6.6233, "surp": 58.60517, "rent": 0.95611, "div": -0.10665, "persist": -0.50664, "steps_per_s": 2.233, "t": "10:46:27"}
{"step": 4800, "ce": 6.8366, "surp": 60.81241, "rent": 0.91007, "div": -0.11263, "persist": -0.50064, "steps_per_s": 2.222, "t": "10:46:49"}
{"step": 4825, "self_mse": 0.36592, "var_floor": 0.13315, "contain": 71.50505, "rms": 21.9554, "max_norm": 42.218, "steps_per_s": 2.21, "t": "10:47:12"}
{"step": 4850, "ce": 6.86707, "surp": 50.99052, "rent": 0.94178, "div": -0.11077, "persist": -0.50157, "steps_per_s": 2.197, "t": "10:47:36"}
{"step": 4875, "self_mse": 0.61035, "var_floor": 0.15974, "contain": 71.35411, "rms": 22.1874, "max_norm": 41.617, "steps_per_s": 2.186, "t": "10:47:59"}
{"step": 4900, "self_mse": 0.16821, "var_floor": 0.12374, "contain": 67.85171, "rms": 22.2732, "max_norm": 41.331, "steps_per_s": 2.174, "t": "10:48:22"}
{"step": 4925, "self_mse": 0.29247, "var_floor": 0.11794, "contain": 66.13834, "rms": 22.2881, "max_norm": 41.771, "steps_per_s": 2.163, "t": "10:48:46"}
{"step": 4950, "ce": 6.68937, "surp": 49.24561, "rent": 0.97353, "div": -0.11398, "persist": -0.50345, "steps_per_s": 2.152, "t": "10:49:09"}
{"step": 4975, "ce": 7.11155, "surp": 47.06851, "rent": 0.89691, "div": -0.11483, "persist": -1.04392, "steps_per_s": 2.142, "t": "10:49:31"}
{"step": 5000, "ce": 7.47971, "surp": 40.94118, "rent": 0.97439, "div": -0.11479, "persist": -0.50058, "steps_per_s": 2.132, "t": "10:49:54"}
{"step": 5000, "val_ce_nats": 7.1852, "floor_L1": 7.1, "floor_L2": 4.47, "health": {"rho_exact": 0.0, "sites": 200, "entropy_norm": 1.0, "sign_hat": -1.0, "rms": 21.1659, "com_radius": 9.446, "spread_rms": 21.1659, "excursion": {"t24": {"norm": 24.029, "conf": 0.4885}, "t48": {"norm": 22.275, "conf": 0.2465}, "t96": {"norm": 22.918, "conf": 0.0219}, "t199": {"norm": 21.981, "conf": 0.0196}}, "tau_mean": 0.52, "tau_pinned_frac": 0.0, "gen": {"gen_trigram_transient": 0.8743, "gen_repeat_frac": 0.0115, "gen_sites": 96}}, "gov_w": 0.074, "gov_k_texture": 1.0, "gov_self": 0.4, "gov_adverse": false, "t": "10:50:20"}
{"event": "ckpt", "step": 5000, "t": "10:50:22"}
{"step": 5025, "self_mse": 0.75802, "var_floor": 0.12022, "contain": 64.97083, "rms": 22.6502, "max_norm": 41.594, "steps_per_s": 2.097, "t": "10:50:45"}
{"step": 5050, "ce": 7.72463, "surp": 50.91207, "rent": 0.84691, "div": -0.11813, "persist": -0.50042, "steps_per_s": 2.088, "t": "10:51:08"}
{"step": 5075, "ce": 7.78762, "surp": 53.75199, "rent": 0.81819, "div": -0.11632, "persist": -0.50064, "steps_per_s": 2.077, "t": "10:51:32"}
{"step": 5100, "ce": 8.85697, "surp": 49.01184, "rent": 0.88403, "div": -0.11593, "persist": -0.50572, "steps_per_s": 2.067, "t": "10:51:56"}
{"step": 5125, "ce": 7.15337, "surp": 59.81985, "rent": 0.97296, "div": -0.1166, "persist": -0.50069, "steps_per_s": 2.058, "t": "10:52:19"}
{"step": 5150, "ce": 102.01464, "surp": 37.17539, "rent": 0.76692, "div": -0.10607, "persist": -0.50094, "steps_per_s": 2.049, "t": "10:52:42"}
{"step": 5175, "ce": 7.62525, "surp": 44.59297, "rent": 0.93493, "div": -0.11574, "persist": -0.5008, "steps_per_s": 2.041, "t": "10:53:03"}
{"step": 5200, "ce": 6.89519, "surp": 41.23388, "rent": 0.88087, "div": -0.117, "persist": -0.50173, "steps_per_s": 2.032, "t": "10:53:28"}
{"step": 5225, "ce": 6.97561, "surp": 52.6035, "rent": 0.88632, "div": -0.11739, "persist": -0.50039, "steps_per_s": 2.022, "t": "10:53:53"}
{"step": 5250, "ce": 7.08109, "surp": 41.59052, "rent": 0.86334, "div": -0.11956, "persist": -0.50163, "steps_per_s": 2.015, "t": "10:54:14"}
{"step": 5275, "self_mse": 0.25398, "var_floor": 0.71616, "contain": 76.98186, "rms": 22.7659, "max_norm": 42.699, "steps_per_s": 2.007, "t": "10:54:37"}
{"step": 5300, "ce": 6.42481, "surp": 50.92055, "rent": 0.93255, "div": -0.11539, "persist": -0.50044, "steps_per_s": 2.0, "t": "10:54:59"}
{"step": 5325, "self_mse": 0.23045, "var_floor": 0.7214, "contain": 75.87896, "rms": 22.5869, "max_norm": 42.905, "steps_per_s": 1.993, "t": "10:55:21"}
{"step": 5350, "self_mse": 0.14671, "var_floor": 0.50356, "contain": 74.76495, "rms": 22.8959, "max_norm": 43.511, "steps_per_s": 1.985, "t": "10:55:44"}
{"step": 5375, "ce": 7.13734, "surp": 46.11303, "rent": 0.90556, "div": -0.11678, "persist": -0.50136, "steps_per_s": 1.979, "t": "10:56:05"}
{"step": 5400, "ce": 7.29242, "surp": 46.42471, "rent": 0.93364, "div": -0.11754, "persist": -0.5007, "steps_per_s": 1.972, "t": "10:56:26"}
{"step": 5425, "ce": 7.26478, "surp": 50.92509, "rent": 0.92812, "div": -0.11858, "persist": -0.5007, "steps_per_s": 1.964, "t": "10:56:50"}
{"step": 5450, "self_mse": 0.23864, "var_floor": 0.05764, "contain": 66.66985, "rms": 22.9461, "max_norm": 41.131, "steps_per_s": 1.957, "t": "10:57:13"}
{"step": 5475, "self_mse": 0.18287, "var_floor": 0.06054, "contain": 66.75829, "rms": 23.0334, "max_norm": 41.913, "steps_per_s": 1.951, "t": "10:57:35"}
{"step": 5500, "ce": 7.145, "surp": 42.06348, "rent": 0.86805, "div": -0.1221, "persist": -0.50068, "steps_per_s": 1.945, "t": "10:57:56"}
{"step": 5500, "val_ce_nats": 6.9142, "floor_L1": 7.1, "floor_L2": 4.47, "health": {"rho_exact": 0.0, "sites": 200, "entropy_norm": 1.0, "sign_hat": -1.0, "rms": 21.4109, "com_radius": 8.508, "spread_rms": 21.4109, "excursion": {"t24": {"norm": 23.969, "conf": 0.0494}, "t48": {"norm": 22.521, "conf": 0.046}, "t96": {"norm": 22.741, "conf": 0.0649}, "t199": {"norm": 21.686, "conf": 0.0403}}, "tau_mean": 0.5, "tau_pinned_frac": 0.0, "gen": {"gen_trigram_transient": 0.7741, "gen_repeat_frac": 0.0357, "gen_sites": 96}}, "gov_w": 0.072, "gov_k_texture": 1.0, "gov_self": 0.4, "gov_adverse": false, "t": "10:58:22"}
{"step": 5525, "self_mse": 0.12907, "var_floor": 0.05583, "contain": 64.76129, "rms": 23.0486, "max_norm": 42.319, "steps_per_s": 1.921, "t": "10:58:44"}
{"step": 5550, "ce": 7.49952, "surp": 38.48479, "rent": 0.81973, "div": -0.12553, "persist": -0.54273, "steps_per_s": 1.914, "t": "10:59:08"}
{"step": 5575, "self_mse": 0.79541, "var_floor": 0.14306, "contain": 96.83272, "rms": 22.0344, "max_norm": 41.828, "steps_per_s": 1.907, "t": "10:59:31"}
{"step": 5600, "ce": 7.38134, "surp": 34.31283, "rent": 0.90051, "div": -0.11985, "persist": -0.52329, "steps_per_s": 1.901, "t": "10:59:55"}
{"step": 5625, "ce": 6.65221, "surp": 34.94927, "rent": 0.92734, "div": -0.124, "persist": -0.52393, "steps_per_s": 1.895, "t": "11:00:17"}
{"step": 5650, "self_mse": 0.18385, "var_floor": 0.22163, "contain": 100.25661, "rms": 21.8341, "max_norm": 40.854, "steps_per_s": 1.889, "t": "11:00:40"}
{"step": 5675, "self_mse": 0.1258, "var_floor": 0.15029, "contain": 102.11709, "rms": 22.2556, "max_norm": 41.226, "steps_per_s": 1.883, "t": "11:01:02"}
{"step": 5700, "ce": 7.71433, "surp": 51.40509, "rent": 0.85931, "div": -0.12046, "persist": -0.50383, "steps_per_s": 1.876, "t": "11:01:26"}
{"step": 5725, "self_mse": 0.06688, "var_floor": 0.12659, "contain": 103.123, "rms": 22.2767, "max_norm": 41.162, "steps_per_s": 1.869, "t": "11:01:51"}
{"step": 5750, "ce": 7.7644, "surp": 53.8463, "rent": 0.89377, "div": -0.12891, "persist": -0.50087, "steps_per_s": 1.864, "t": "11:02:14"}
{"step": 5775, "ce": 7.31401, "surp": 53.38787, "rent": 0.97478, "div": -0.12746, "persist": -0.50123, "steps_per_s": 1.858, "t": "11:02:37"}
{"step": 5800, "ce": 7.59016, "surp": 55.48752, "rent": 0.96046, "div": -0.12797, "persist": -0.5005, "steps_per_s": 1.852, "t": "11:02:59"}
{"step": 5825, "self_mse": 0.0853, "var_floor": 0.10995, "contain": 108.23098, "rms": 22.5016, "max_norm": 43.044, "steps_per_s": 1.847, "t": "11:03:22"}
{"step": 5850, "ce": 7.80667, "surp": 56.25269, "rent": 0.97854, "div": -0.12954, "persist": -0.50096, "steps_per_s": 1.841, "t": "11:03:46"}
{"step": 5875, "ce": 7.47243, "surp": 60.341, "rent": 0.94766, "div": -0.13165, "persist": -0.50043, "steps_per_s": 1.836, "t": "11:04:08"}
{"step": 5900, "ce": 7.21139, "surp": 60.84462, "rent": 0.97897, "div": -0.13431, "persist": -0.53671, "steps_per_s": 1.83, "t": "11:04:33"}
{"step": 5925, "ce": 7.64249, "surp": 60.1035, "rent": 0.99087, "div": -0.13559, "persist": -0.50385, "steps_per_s": 1.825, "t": "11:04:56"}
{"step": 5950, "self_mse": 0.04902, "var_floor": 0.11877, "contain": 105.03198, "rms": 22.355, "max_norm": 42.184, "steps_per_s": 1.82, "t": "11:05:18"}
{"step": 5975, "self_mse": 0.05992, "var_floor": 0.11928, "contain": 101.82552, "rms": 22.2778, "max_norm": 41.227, "steps_per_s": 1.815, "t": "11:05:41"}
{"step": 6000, "self_mse": 0.04003, "var_floor": 0.1156, "contain": 102.06634, "rms": 22.3435, "max_norm": 41.466, "steps_per_s": 1.811, "t": "11:06:01"}
{"step": 6000, "val_ce_nats": 11.5817, "floor_L1": 7.1, "floor_L2": 4.47, "health": {"rho_exact": 0.0, "sites": 200, "entropy_norm": 1.0, "sign_hat": -1.0, "rms": 22.1201, "com_radius": 8.353, "spread_rms": 22.1201, "excursion": {"t24": {"norm": 24.955, "conf": 0.0091}, "t48": {"norm": 21.009, "conf": 0.0219}, "t96": {"norm": 20.208, "conf": 0.0185}, "t199": {"norm": 20.92, "conf": 0.0255}}, "tau_mean": 0.5, "tau_pinned_frac": 0.0, "gen": {"gen_trigram_transient": 0.7823, "gen_repeat_frac": 0.0212, "gen_sites": 96}}, "gov_w": 0.069, "gov_k_texture": 1.0, "gov_self": 0.4, "gov_adverse": false, "t": "11:06:28"}
{"step": 6025, "self_mse": 0.09819, "var_floor": 0.10957, "contain": 103.70462, "rms": 22.3762, "max_norm": 42.252, "steps_per_s": 1.793, "t": "11:06:50"}
{"step": 6050, "ce": 7.21611, "surp": 59.87233, "rent": 0.96695, "div": -0.13924, "persist": -0.50117, "steps_per_s": 1.788, "t": "11:07:12"}
{"step": 6075, "ce": 7.20478, "surp": 57.73182, "rent": 0.89971, "div": -0.13692, "persist": -0.50079, "steps_per_s": 1.783, "t": "11:07:35"}
{"step": 6100, "self_mse": 0.07939, "var_floor": 0.1084, "contain": 107.84121, "rms": 22.5157, "max_norm": 42.522, "steps_per_s": 1.779, "t": "11:07:58"}
{"step": 6125, "ce": 7.6012, "surp": 59.58313, "rent": 0.97221, "div": -0.14006, "persist": -0.50034, "steps_per_s": 1.774, "t": "11:08:21"}
{"step": 6150, "ce": 7.98546, "surp": 59.63957, "rent": 0.98464, "div": -0.14042, "persist": -0.50061, "steps_per_s": 1.769, "t": "11:08:45"}
{"step": 6175, "ce": 7.16221, "surp": 59.83339, "rent": 0.96518, "div": -0.1409, "persist": -0.50074, "steps_per_s": 1.765, "t": "11:09:07"}
{"step": 6200, "self_mse": 0.03777, "var_floor": 0.11482, "contain": 104.63689, "rms": 22.395, "max_norm": 42.285, "steps_per_s": 1.76, "t": "11:09:30"}
{"step": 6225, "ce": 7.50526, "surp": 58.63056, "rent": 0.97038, "div": -0.14139, "persist": -0.50029, "steps_per_s": 1.757, "t": "11:09:52"}
{"step": 6250, "self_mse": 0.05839, "var_floor": 0.10922, "contain": 104.60696, "rms": 22.3613, "max_norm": 41.801, "steps_per_s": 1.753, "t": "11:10:14"}
{"step": 6275, "ce": 7.55901, "surp": 58.37696, "rent": 0.97677, "div": -0.14086, "persist": -0.50032, "steps_per_s": 1.749, "t": "11:10:37"}
{"step": 6300, "ce": 7.84923, "surp": 58.42397, "rent": 0.98878, "div": -0.14136, "persist": -0.5003, "steps_per_s": 1.745, "t": "11:11:00"}
{"step": 6325, "ce": 7.39978, "surp": 58.6874, "rent": 0.9854, "div": -0.1416, "persist": -0.50024, "steps_per_s": 1.74, "t": "11:11:24"}
{"step": 6350, "ce": 7.3218, "surp": 58.74673, "rent": 0.98051, "div": -0.1418, "persist": -0.50028, "steps_per_s": 1.735, "t": "11:11:49"}
{"step": 6375, "ce": 6.94454, "surp": 59.2001, "rent": 0.96924, "div": -0.14188, "persist": -0.50033, "steps_per_s": 1.73, "t": "11:12:13"}
{"step": 6400, "self_mse": 0.035, "var_floor": 0.11308, "contain": 104.44366, "rms": 22.3947, "max_norm": 41.996, "steps_per_s": 1.726, "t": "11:12:36"}
{"step": 6425, "ce": 6.76575, "surp": 60.0301, "rent": 0.96823, "div": -0.14192, "persist": -0.5007, "steps_per_s": 1.723, "t": "11:12:58"}
{"step": 6450, "self_mse": 0.04836, "var_floor": 0.11056, "contain": 104.77025, "rms": 22.3867, "max_norm": 41.368, "steps_per_s": 1.719, "t": "11:13:21"}
{"step": 6475, "ce": 5.91792, "surp": 58.86167, "rent": 0.94992, "div": -0.14204, "persist": -0.5007, "steps_per_s": 1.714, "t": "11:13:45"}
{"step": 6500, "ce": 7.98676, "surp": 59.15922, "rent": 0.95177, "div": -0.14212, "persist": -0.5003, "steps_per_s": 1.71, "t": "11:14:09"}
{"step": 6500, "val_ce_nats": 12.8366, "floor_L1": 7.1, "floor_L2": 4.47, "health": {"rho_exact": 0.0, "sites": 200, "entropy_norm": 1.0, "sign_hat": -1.0, "rms": 21.9056, "com_radius": 8.297, "spread_rms": 21.9056, "excursion": {"t24": {"norm": 24.595, "conf": 0.0286}, "t48": {"norm": 20.863, "conf": 0.0353}, "t96": {"norm": 22.09, "conf": 0.0257}, "t199": {"norm": 20.827, "conf": 0.2403}}, "tau_mean": 0.5, "tau_pinned_frac": 0.0, "gen": {"gen_trigram_transient": 0.8129, "gen_repeat_frac": 0.0321, "gen_sites": 96}}, "gov_w": 0.067, "gov_k_texture": 1.0, "gov_self": 0.4, "gov_adverse": false, "t": "11:14:35"}
{"step": 6525, "ce": 7.65473, "surp": 55.88305, "rent": 0.96997, "div": -0.14145, "persist": -0.50177, "steps_per_s": 1.696, "t": "11:14:56"}
{"step": 6550, "self_mse": 0.02159, "var_floor": 0.11326, "contain": 104.62436, "rms": 22.4172, "max_norm": 41.561, "steps_per_s": 1.693, "t": "11:15:17"}
{"step": 6575, "ce": 6.9206, "surp": 48.63558, "rent": 0.85132, "div": -0.13007, "persist": -0.50459, "steps_per_s": 1.69, "t": "11:15:39"}
{"step": 6600, "ce": 7.6003, "surp": 60.46734, "rent": 0.95596, "div": -0.12697, "persist": -0.50044, "steps_per_s": 1.686, "t": "11:16:03"}
{"step": 6625, "ce": 7.30336, "surp": 60.70002, "rent": 0.92916, "div": -0.13282, "persist": -0.5014, "steps_per_s": 1.682, "t": "11:16:27"}
{"step": 6650, "self_mse": 0.12203, "var_floor": 0.10956, "contain": 115.36073, "rms": 22.437, "max_norm": 40.724, "steps_per_s": 1.679, "t": "11:16:49"}
{"step": 6675, "self_mse": 0.10993, "var_floor": 0.11049, "contain": 112.92144, "rms": 22.5886, "max_norm": 41.382, "steps_per_s": 1.676, "t": "11:17:11"}
{"step": 6700, "self_mse": 0.07619, "var_floor": 0.10643, "contain": 110.9096, "rms": 22.5192, "max_norm": 40.835, "steps_per_s": 1.672, "t": "11:17:35"}
{"step": 6725, "ce": 7.55516, "surp": 65.73877, "rent": 0.96543, "div": -0.14011, "persist": -0.50019, "steps_per_s": 1.668, "t": "11:18:00"}
{"step": 6750, "ce": 6.19502, "surp": 67.60623, "rent": 0.95872, "div": -0.14052, "persist": -0.50017, "steps_per_s": 1.665, "t": "11:18:22"}
{"step": 6775, "ce": 7.6424, "surp": 66.19505, "rent": 0.9453, "div": -0.13969, "persist": -0.50034, "steps_per_s": 1.662, "t": "11:18:46"}
{"step": 6800, "ce": 8.12227, "surp": 64.2649, "rent": 0.95808, "div": -0.1402, "persist": -0.50044, "steps_per_s": 1.659, "t": "11:19:08"}
{"step": 6825, "self_mse": 0.14445, "var_floor": 0.11066, "contain": 108.90312, "rms": 22.6101, "max_norm": 41.951, "steps_per_s": 1.656, "t": "11:19:30"}
{"step": 6850, "self_mse": 0.12986, "var_floor": 0.10649, "contain": 107.89069, "rms": 22.5685, "max_norm": 40.14, "steps_per_s": 1.653, "t": "11:19:52"}
{"step": 6875, "ce": 7.79486, "surp": 65.80412, "rent": 0.96295, "div": -0.14074, "persist": -0.50016, "steps_per_s": 1.65, "t": "11:20:15"}
{"step": 6900, "ce": 7.36259, "surp": 64.60135, "rent": 0.97101, "div": -0.14122, "persist": -0.50016, "steps_per_s": 1.647, "t": "11:20:39"}
{"step": 6925, "self_mse": 0.03312, "var_floor": 0.10592, "contain": 108.56466, "rms": 22.6319, "max_norm": 40.205, "steps_per_s": 1.644, "t": "11:21:01"}
{"step": 6950, "self_mse": 0.08247, "var_floor": 0.10576, "contain": 112.12987, "rms": 22.7634, "max_norm": 41.641, "steps_per_s": 1.641, "t": "11:21:23"}
{"step": 6975, "ce": 7.16557, "surp": 62.99181, "rent": 0.99003, "div": -0.14168, "persist": -0.50016, "steps_per_s": 1.638, "t": "11:21:46"}
{"step": 7000, "ce": 5.81476, "surp": 62.45606, "rent": 0.98371, "div": -0.14175, "persist": -0.50016, "steps_per_s": 1.636, "t": "11:22:08"}
{"step": 7000, "val_ce_nats": 7.3911, "floor_L1": 7.1, "floor_L2": 4.47, "health": {"rho_exact": 0.0, "sites": 200, "entropy_norm": 1.0, "sign_hat": -1.0, "rms": 21.8629, "com_radius": 6.751, "spread_rms": 21.8629, "excursion": {"t24": {"norm": 23.714, "conf": 0.2273}, "t48": {"norm": 23.466, "conf": 0.1702}, "t96": {"norm": 22.632, "conf": 0.0778}, "t199": {"norm": 21.819, "conf": 0.034}}, "tau_mean": 0.5, "tau_pinned_frac": 0.0, "gen": {"gen_trigram_transient": 0.7615, "gen_repeat_frac": 0.0328, "gen_sites": 96}}, "gov_w": 0.065, "gov_k_texture": 1.0, "gov_self": 0.4, "gov_adverse": false, "t": "11:22:35"}
{"step": 7025, "self_mse": 0.03331, "var_floor": 0.10897, "contain": 106.50485, "rms": 22.5645, "max_norm": 39.861, "steps_per_s": 1.623, "t": "11:22:57"}
{"step": 7050, "ce": 7.2584, "surp": 62.09012, "rent": 0.98648, "div": -0.14163, "persist": -0.50019, "steps_per_s": 1.621, "t": "11:23:18"}
{"step": 7075, "self_mse": 0.03327, "var_floor": 0.10833, "contain": 106.66988, "rms": 22.5824, "max_norm": 39.567, "steps_per_s": 1.618, "t": "11:23:41"}
{"step": 7100, "ce": 7.35517, "surp": 61.38306, "rent": 0.98552, "div": -0.14165, "persist": -0.50093, "steps_per_s": 1.615, "t": "11:24:04"}
{"step": 7125, "self_mse": 0.02252, "var_floor": 0.106, "contain": 109.17159, "rms": 22.6455, "max_norm": 40.529, "steps_per_s": 1.613, "t": "11:24:25"}
{"step": 7150, "self_mse": 0.04791, "var_floor": 0.10809, "contain": 110.23104, "rms": 22.6293, "max_norm": 40.572, "steps_per_s": 1.611, "t": "11:24:47"}
{"step": 7175, "self_mse": 0.03336, "var_floor": 0.1083, "contain": 110.86751, "rms": 22.6253, "max_norm": 40.754, "steps_per_s": 1.609, "t": "11:25:08"}
{"step": 7200, "self_mse": 0.05146, "var_floor": 0.10819, "contain": 111.61459, "rms": 22.6873, "max_norm": 41.297, "steps_per_s": 1.607, "t": "11:25:30"}
{"step": 7225, "ce": 7.50475, "surp": 63.62262, "rent": 0.96919, "div": -0.14168, "persist": -0.51905, "steps_per_s": 1.604, "t": "11:25:52"}
{"step": 7250, "self_mse": 0.02459, "var_floor": 0.10964, "contain": 111.57355, "rms": 22.5828, "max_norm": 40.498, "steps_per_s": 1.601, "t": "11:26:16"}
{"step": 7275, "ce": 7.61636, "surp": 62.59216, "rent": 0.9747, "div": -0.14188, "persist": -0.50028, "steps_per_s": 1.6, "t": "11:26:36"}
{"step": 7300, "ce": 6.99591, "surp": 62.12365, "rent": 0.9686, "div": -0.14186, "persist": -0.50091, "steps_per_s": 1.597, "t": "11:26:59"}
{"step": 7325, "ce": 7.5069, "surp": 63.1427, "rent": 0.97667, "div": -0.14173, "persist": -0.50082, "steps_per_s": 1.595, "t": "11:27:22"}
{"step": 7350, "ce": 6.21089, "surp": 61.78961, "rent": 0.99743, "div": -0.14188, "persist": -0.50042, "steps_per_s": 1.592, "t": "11:27:45"}
{"step": 7375, "ce": 6.22752, "surp": 60.64542, "rent": 0.99581, "div": -0.14174, "persist": -0.50032, "steps_per_s": 1.59, "t": "11:28:07"}
{"step": 7400, "ce": 7.53843, "surp": 59.15531, "rent": 0.99601, "div": -0.14193, "persist": -0.50025, "steps_per_s": 1.587, "t": "11:28:30"}
{"step": 7425, "ce": 7.67849, "surp": 59.66644, "rent": 0.9829, "div": -0.13864, "persist": -0.50026, "steps_per_s": 1.585, "t": "11:28:52"}
{"step": 7450, "self_mse": 0.04293, "var_floor": 0.10904, "contain": 111.60644, "rms": 22.656, "max_norm": 41.203, "steps_per_s": 1.583, "t": "11:29:15"}
{"step": 7475, "self_mse": 0.09411, "var_floor": 0.10709, "contain": 110.3855, "rms": 22.5943, "max_norm": 40.519, "steps_per_s": 1.581, "t": "11:29:38"}
{"step": 7500, "self_mse": 0.11093, "var_floor": 0.1198, "contain": 105.23843, "rms": 22.5988, "max_norm": 40.401, "steps_per_s": 1.58, "t": "11:29:57"}
{"step": 7500, "val_ce_nats": 40.3231, "floor_L1": 7.1, "floor_L2": 4.47, "health": {"rho_exact": 0.0, "sites": 200, "entropy_norm": 1.0, "sign_hat": -1.0, "rms": 22.4499, "com_radius": 7.388, "spread_rms": 22.4499, "excursion": {"t24": {"norm": 23.605, "conf": 0.242}, "t48": {"norm": 20.998, "conf": 0.041}, "t96": {"norm": 23.926, "conf": 0.033}, "t199": {"norm": 20.048, "conf": 0.0318}}, "tau_mean": 0.5, "tau_pinned_frac": 0.0, "gen": {"gen_trigram_transient": 0.779, "gen_repeat_frac": 0.0361, "gen_sites": 96}}, "gov_w": 0.063, "gov_k_texture": 1.0, "gov_self": 0.4, "gov_adverse": false, "t": "11:30:23"}
{"event": "ckpt", "step": 7500, "t": "11:30:25"}
{"step": 7525, "self_mse": 0.10218, "var_floor": 0.1146, "contain": 115.31523, "rms": 22.9114, "max_norm": 44.981, "steps_per_s": 1.568, "t": "11:30:46"}
{"step": 7550, "ce": 7.75341, "surp": 74.24871, "rent": 0.98875, "div": -0.1418, "persist": -0.50035, "steps_per_s": 1.566, "t": "11:31:10"}
{"step": 7575, "ce": 7.37161, "surp": 73.0314, "rent": 0.98024, "div": -0.14214, "persist": -0.50032, "steps_per_s": 1.564, "t": "11:31:33"}
{"step": 7600, "ce": 5.9608, "surp": 70.44499, "rent": 0.97781, "div": -0.14208, "persist": -0.5002, "steps_per_s": 1.562, "t": "11:31:55"}
{"step": 7625, "self_mse": 0.05281, "var_floor": 0.11037, "contain": 117.76704, "rms": 23.0011, "max_norm": 46.462, "steps_per_s": 1.559, "t": "11:32:20"}
{"step": 7650, "self_mse": 0.03778, "var_floor": 0.10821, "contain": 123.55255, "rms": 23.1112, "max_norm": 46.925, "steps_per_s": 1.557, "t": "11:32:42"}
{"step": 7675, "self_mse": 0.01786, "var_floor": 0.10963, "contain": 120.1037, "rms": 22.9619, "max_norm": 45.535, "steps_per_s": 1.555, "t": "11:33:05"}
{"step": 7700, "ce": 7.17817, "surp": 69.0693, "rent": 0.99341, "div": -0.14232, "persist": -0.50016, "steps_per_s": 1.552, "t": "11:33:29"}
{"step": 7725, "ce": 7.43343, "surp": 68.28991, "rent": 0.98804, "div": -0.14238, "persist": -0.50014, "steps_per_s": 1.55, "t": "11:33:52"}
{"step": 7750, "ce": 6.87677, "surp": 68.675, "rent": 0.96357, "div": -0.14095, "persist": -0.50067, "steps_per_s": 1.548, "t": "11:34:15"}
{"step": 7775, "ce": 7.28253, "surp": 69.20421, "rent": 0.9953, "div": -0.1412, "persist": -0.50033, "steps_per_s": 1.546, "t": "11:34:39"}
{"step": 7800, "self_mse": 0.02482, "var_floor": 0.11297, "contain": 125.36548, "rms": 23.0393, "max_norm": 47.221, "steps_per_s": 1.543, "t": "11:35:03"}
{"step": 7825, "self_mse": 0.02037, "var_floor": 0.1135, "contain": 122.25623, "rms": 22.9861, "max_norm": 46.533, "steps_per_s": 1.541, "t": "11:35:27"}
{"step": 7850, "self_mse": 0.04259, "var_floor": 0.11082, "contain": 129.44858, "rms": 23.1057, "max_norm": 47.949, "steps_per_s": 1.537, "t": "11:35:56"}
{"step": 7875, "ce": 7.19043, "surp": 67.64721, "rent": 0.9967, "div": -0.12278, "persist": -0.98192, "steps_per_s": 1.535, "t": "11:36:18"}
{"step": 7900, "self_mse": 0.09353, "var_floor": 0.10904, "contain": 122.60529, "rms": 22.926, "max_norm": 44.348, "steps_per_s": 1.533, "t": "11:36:42"}
{"step": 7925, "ce": 7.1257, "surp": 78.59634, "rent": 0.96982, "div": -0.1377, "persist": -0.50647, "steps_per_s": 1.531, "t": "11:37:06"}
{"step": 7950, "ce": 6.29188, "surp": 85.41151, "rent": 0.9811, "div": -0.13876, "persist": -0.50008, "steps_per_s": 1.529, "t": "11:37:29"}
{"step": 7975, "ce": 7.25285, "surp": 85.10354, "rent": 0.99069, "div": -0.14044, "persist": -0.50008, "steps_per_s": 1.527, "t": "11:37:51"}
{"step": 8000, "self_mse": 0.04104, "var_floor": 0.19326, "contain": 151.242, "rms": 22.2505, "max_norm": 39.486, "steps_per_s": 1.525, "t": "11:38:13"}
{"step": 8000, "val_ce_nats": 114.259, "floor_L1": 7.1, "floor_L2": 4.47, "health": {"rho_exact": 0.0, "sites": 200, "entropy_norm": 1.0, "sign_hat": -1.0, "rms": 22.9042, "com_radius": 11.112, "spread_rms": 22.9042, "excursion": {"t24": {"norm": 30.501, "conf": 0.6039}, "t48": {"norm": 20.446, "conf": 0.5391}, "t96": {"norm": 27.35, "conf": 0.4524}, "t199": {"norm": 24.117, "conf": 0.0329}}, "tau_mean": 0.5, "tau_pinned_frac": 0.0, "gen": {"gen_trigram_transient": 0.7917, "gen_repeat_frac": 0.0445, "gen_sites": 96}}, "gov_w": 0.061, "gov_k_texture": 1.0, "gov_self": 0.4, "gov_adverse": false, "t": "11:38:39"}
{"step": 8025, "self_mse": 0.06169, "var_floor": 0.19275, "contain": 148.20946, "rms": 22.1934, "max_norm": 39.226, "steps_per_s": 1.516, "t": "11:39:03"}
{"step": 8050, "ce": 7.07307, "surp": 76.12504, "rent": 0.99692, "div": -0.14104, "persist": -0.50011, "steps_per_s": 1.513, "t": "11:39:27"}
{"step": 8075, "ce": 6.81131, "surp": 80.52459, "rent": 0.99829, "div": -0.14147, "persist": -0.5008, "steps_per_s": 1.512, "t": "11:39:48"}
{"step": 8100, "ce": 6.1416, "surp": 77.96296, "rent": 0.99692, "div": -0.14128, "persist": -0.51932, "steps_per_s": 1.511, "t": "11:40:10"}
{"step": 8125, "self_mse": 0.06641, "var_floor": 0.19519, "contain": 136.10788, "rms": 22.2297, "max_norm": 39.131, "steps_per_s": 1.509, "t": "11:40:33"}
{"step": 8150, "self_mse": 0.04806, "var_floor": 0.18697, "contain": 136.39398, "rms": 22.3979, "max_norm": 39.463, "steps_per_s": 1.507, "t": "11:40:57"}
{"step": 8175, "ce": 7.43444, "surp": 77.31718, "rent": 0.99551, "div": -0.14207, "persist": -0.50043, "steps_per_s": 1.505, "t": "11:41:20"}
{"step": 8200, "self_mse": 0.02194, "var_floor": 0.18878, "contain": 140.92773, "rms": 22.4095, "max_norm": 39.637, "steps_per_s": 1.504, "t": "11:41:41"}
{"step": 8225, "self_mse": 0.02823, "var_floor": 0.19246, "contain": 136.98367, "rms": 22.4218, "max_norm": 39.722, "steps_per_s": 1.502, "t": "11:42:04"}
{"step": 8250, "self_mse": 0.01834, "var_floor": 0.19055, "contain": 138.87561, "rms": 22.3515, "max_norm": 39.332, "steps_per_s": 1.501, "t": "11:42:24"}
{"step": 8275, "ce": 7.03436, "surp": 73.15707, "rent": 0.9993, "div": -0.14218, "persist": -0.50006, "steps_per_s": 1.5, "t": "11:42:45"}
{"step": 8300, "ce": 6.12309, "surp": 73.8032, "rent": 0.99711, "div": -0.14219, "persist": -0.50004, "steps_per_s": 1.498, "t": "11:43:08"}
{"step": 8325, "ce": 7.25954, "surp": 73.68601, "rent": 0.99935, "div": -0.14228, "persist": -0.50004, "steps_per_s": 1.497, "t": "11:43:29"}
{"step": 8350, "ce": 7.60114, "surp": 71.90512, "rent": 0.99898, "div": -0.14226, "persist": -0.50004, "steps_per_s": 1.495, "t": "11:43:54"}
{"step": 8375, "ce": 7.35411, "surp": 72.05037, "rent": 0.99623, "div": -0.14236, "persist": -0.50004, "steps_per_s": 1.494, "t": "11:44:14"}
{"step": 8400, "ce": 7.4334, "surp": 70.02414, "rent": 0.99954, "div": -0.14221, "persist": -0.50004, "steps_per_s": 1.492, "t": "11:44:38"}
{"step": 8425, "ce": 7.15199, "surp": 67.78515, "rent": 0.99944, "div": -0.14238, "persist": -0.50004, "steps_per_s": 1.491, "t": "11:44:59"}
{"step": 8450, "self_mse": 0.02728, "var_floor": 0.19137, "contain": 137.99409, "rms": 22.3721, "max_norm": 39.331, "steps_per_s": 1.489, "t": "11:45:24"}
{"step": 8475, "self_mse": 0.08855, "var_floor": 0.18844, "contain": 137.25029, "rms": 22.4083, "max_norm": 39.548, "steps_per_s": 1.487, "t": "11:45:48"}
{"step": 8500, "ce": 6.02282, "surp": 66.90382, "rent": 0.99886, "div": -0.14245, "persist": -0.50003, "steps_per_s": 1.486, "t": "11:46:10"}
{"step": 8500, "val_ce_nats": 417.1688, "floor_L1": 7.1, "floor_L2": 4.47, "health": {"rho_exact": 0.0, "sites": 200, "entropy_norm": 1.0, "sign_hat": -1.0, "rms": 22.3063, "com_radius": 7.594, "spread_rms": 22.3063, "excursion": {"t24": {"norm": 28.392, "conf": 0.7855}, "t48": {"norm": 21.928, "conf": 0.2697}, "t96": {"norm": 25.542, "conf": 0.1789}, "t199": {"norm": 20.48, "conf": 0.0404}}, "tau_mean": 2.72, "tau_pinned_frac": 0.003, "gen": {"gen_trigram_transient": 0.7259, "gen_repeat_frac": 0.0515, "gen_sites": 96}}, "gov_w": 0.06, "gov_k_texture": 1.0, "gov_self": 0.4, "gov_adverse": false, "t": "11:46:36"}
{"step": 8525, "ce": 7.61577, "surp": 66.73778, "rent": 0.99838, "div": -0.14251, "persist": -0.50003, "steps_per_s": 1.478, "t": "11:46:58"}
{"step": 8550, "ce": 7.14087, "surp": 67.4175, "rent": 0.99205, "div": -0.14239, "persist": -0.50003, "steps_per_s": 1.476, "t": "11:47:20"}
{"step": 8575, "self_mse": 0.0245, "var_floor": 0.18982, "contain": 132.98334, "rms": 22.4908, "max_norm": 39.527, "steps_per_s": 1.474, "t": "11:47:44"}
{"step": 8600, "self_mse": 0.01627, "var_floor": 0.19106, "contain": 131.66116, "rms": 22.4391, "max_norm": 39.496, "steps_per_s": 1.473, "t": "11:48:07"}
{"step": 8625, "self_mse": 0.18686, "var_floor": 0.18362, "contain": 145.92236, "rms": 22.7361, "max_norm": 43.064, "steps_per_s": 1.471, "t": "11:48:30"}
{"step": 8650, "self_mse": 3.62425, "var_floor": 0.3205, "contain": 205.96245, "rms": 21.0846, "max_norm": 44.716, "steps_per_s": 1.47, "t": "11:48:53"}
{"step": 8675, "self_mse": 0.67897, "var_floor": 0.72554, "contain": 478.44113, "rms": 17.6424, "max_norm": 45.565, "steps_per_s": 1.469, "t": "11:49:14"}
{"step": 8700, "ce": 6.87173, "surp": 45.51704, "rent": 0.93625, "div": -0.10265, "persist": -0.51978, "steps_per_s": 1.468, "t": "11:49:36"}
{"step": 8725, "ce": 7.50339, "surp": 87.2534, "rent": 0.94094, "div": -0.10603, "persist": -0.50018, "steps_per_s": 1.465, "t": "11:50:02"}
{"step": 8750, "self_mse": 1.46481, "var_floor": 0.5617, "contain": 117.11591, "rms": 18.6083, "max_norm": 43.882, "steps_per_s": 1.464, "t": "11:50:25"}
{"step": 8775, "ce": 7.12073, "surp": 58.6242, "rent": 0.94769, "div": -0.10064, "persist": -0.50045, "steps_per_s": 1.463, "t": "11:50:46"}
{"step": 8800, "self_mse": 1.81446, "var_floor": 0.58811, "contain": 176.25644, "rms": 19.0309, "max_norm": 45.21, "steps_per_s": 1.462, "t": "11:51:09"}
{"step": 8825, "ce": 8.02046, "surp": 73.28161, "rent": 0.89278, "div": -0.09434, "persist": -0.50215, "steps_per_s": 1.46, "t": "11:51:35"}
{"step": 8850, "self_mse": 0.2612, "var_floor": 1.0, "contain": 492.50385, "rms": 22.2952, "max_norm": 48.772, "steps_per_s": 1.458, "t": "11:51:57"}
{"step": 8875, "ce": 7.43285, "surp": 75.07219, "rent": 0.92896, "div": -0.09858, "persist": -0.50005, "steps_per_s": 1.457, "t": "11:52:20"}
{"step": 8900, "ce": 7.16198, "surp": 79.62604, "rent": 0.94146, "div": -0.10185, "persist": -0.54306, "steps_per_s": 1.456, "t": "11:52:41"}
{"step": 8925, "self_mse": 3.15976, "var_floor": 1.0, "contain": 528.38049, "rms": 22.5288, "max_norm": 49.165, "steps_per_s": 1.455, "t": "11:53:04"}
{"step": 8950, "ce": 7.76713, "surp": 96.88905, "rent": 0.90529, "div": -0.1136, "persist": -0.50007, "steps_per_s": 1.453, "t": "11:53:26"}
{"step": 8975, "ce": 7.5746, "surp": 113.83573, "rent": 0.89595, "div": -0.11476, "persist": -0.50004, "steps_per_s": 1.452, "t": "11:53:51"}
{"step": 9000, "ce": 7.32895, "surp": 105.8106, "rent": 0.97333, "div": -0.1133, "persist": -0.50013, "steps_per_s": 1.45, "t": "11:54:14"}
{"step": 9000, "val_ce_nats": 6.9344, "floor_L1": 7.1, "floor_L2": 4.47, "health": {"rho_exact": 0.0, "sites": 200, "entropy_norm": 1.0, "sign_hat": -1.0, "rms": 20.2409, "com_radius": 41.327, "spread_rms": 20.2409, "excursion": {"t24": {"norm": 44.232, "conf": 0.0361}, "t48": {"norm": 46.889, "conf": 0.0324}, "t96": {"norm": 46.783, "conf": 0.0334}, "t199": {"norm": 47.482, "conf": 0.0311}}, "tau_mean": 0.53, "tau_pinned_frac": 0.0, "gen": {"gen_trigram_transient": 0.7837, "gen_repeat_frac": 0.0348, "gen_sites": 96}}, "gov_w": 0.058, "gov_k_texture": 1.0, "gov_self": 0.4, "gov_adverse": false, "t": "11:54:41"}
{"step": 9025, "ce": 7.29777, "surp": 42.96538, "rent": 0.99862, "div": -0.08735, "persist": -0.50251, "steps_per_s": 1.443, "t": "11:55:04"}
{"step": 9050, "ce": 7.07538, "surp": 95.66017, "rent": 0.91137, "div": -0.10945, "persist": -0.50156, "steps_per_s": 1.441, "t": "11:55:28"}
{"step": 9075, "self_mse": 0.49972, "var_floor": 1.0, "contain": 213.87231, "rms": 22.377, "max_norm": 43.18, "steps_per_s": 1.44, "t": "11:55:50"}
{"step": 9100, "ce": 7.18836, "surp": 113.49276, "rent": 0.8606, "div": -0.11594, "persist": -0.50004, "steps_per_s": 1.438, "t": "11:56:15"}
{"step": 9125, "ce": 6.95432, "surp": 123.94559, "rent": 0.99946, "div": -0.11519, "persist": -0.50005, "teacher_p": 1.0, "conf_ema": 7.704, "conf_best": 7.1665, "event": true, "steps_per_s": 1.437, "t": "11:56:37"}
{"step": 9150, "ce": 7.97429, "surp": 184.22535, "rent": 0.99996, "div": -0.11671, "persist": -0.51524, "steps_per_s": 1.436, "t": "11:56:59"}
{"step": 9175, "self_mse": 0.71006, "var_floor": 1.0, "contain": 205.93234, "rms": 22.8231, "max_norm": 43.899, "steps_per_s": 1.435, "t": "11:57:21"}
{"step": 9200, "ce": 7.8587, "surp": 156.97641, "rent": 0.98237, "div": -0.11535, "persist": -0.50719, "steps_per_s": 1.434, "t": "11:57:45"}
{"step": 9225, "ce": 7.00652, "surp": 152.65309, "rent": 1.0, "div": -0.11916, "persist": -0.50719, "steps_per_s": 1.433, "t": "11:58:06"}
{"step": 9250, "ce": 6.29031, "surp": 155.53588, "rent": 0.99999, "div": -0.12008, "persist": -0.50719, "steps_per_s": 1.432, "t": "11:58:28"}
{"step": 9275, "ce": 7.20352, "surp": 95.07811, "rent": 0.92405, "div": -0.11204, "persist": -0.50723, "steps_per_s": 1.431, "t": "11:58:51"}
{"step": 9300, "ce": 8.03957, "surp": 122.38978, "rent": 0.98715, "div": -0.11946, "persist": -0.50719, "steps_per_s": 1.43, "t": "11:59:13"}
{"step": 9325, "ce": 7.38082, "surp": 149.39203, "rent": 0.91243, "div": -0.11892, "persist": -0.50719, "steps_per_s": 1.429, "t": "11:59:35"}
{"step": 9350, "ce": 6.83498, "surp": 152.31343, "rent": 0.99664, "div": -0.11748, "persist": -0.5072, "steps_per_s": 1.428, "t": "11:59:54"}
{"step": 9375, "self_mse": 0.20697, "var_floor": 1.0, "contain": 181.44629, "rms": 23.3221, "max_norm": 44.194, "steps_per_s": 1.428, "t": "12:00:15"}
{"step": 9400, "ce": 7.59364, "surp": 199.60818, "rent": 1.0, "div": -0.11908, "persist": -0.50719, "steps_per_s": 1.427, "t": "12:00:36"}
{"step": 9425, "self_mse": 0.05697, "var_floor": 1.0, "contain": 177.71762, "rms": 23.1963, "max_norm": 43.555, "steps_per_s": 1.425, "t": "12:01:02"}
{"step": 9450, "self_mse": 0.05644, "var_floor": 1.0, "contain": 175.51506, "rms": 23.1755, "max_norm": 43.646, "steps_per_s": 1.423, "t": "12:01:30"}
{"step": 9475, "ce": 7.64474, "surp": 165.67011, "rent": 0.99985, "div": -0.1169, "persist": -0.50718, "steps_per_s": 1.422, "t": "12:01:51"}
{"step": 9500, "ce": 6.83062, "surp": 95.96331, "rent": 0.95475, "div": -0.09912, "persist": -0.50718, "steps_per_s": 1.422, "t": "12:02:11"}
{"step": 9500, "val_ce_nats": 6.9356, "floor_L1": 7.1, "floor_L2": 4.47, "health": {"rho_exact": 0.0, "sites": 200, "entropy_norm": 1.0, "sign_hat": -1.0, "rms": 19.6821, "com_radius": 26.365, "spread_rms": 19.6821, "excursion": {"t24": {"norm": 32.351, "conf": 0.0296}, "t48": {"norm": 33.504, "conf": 0.028}, "t96": {"norm": 34.313, "conf": 0.0291}, "t199": {"norm": 33.272, "conf": 0.0288}}, "tau_mean": 0.51, "tau_pinned_frac": 0.001, "gen": {"gen_trigram_transient": 0.7742, "gen_repeat_frac": 0.03, "gen_sites": 96}}, "gov_w": 0.056, "gov_k_texture": 1.0, "gov_self": 0.4, "gov_adverse": false, "t": "12:02:35"}
{"step": 9525, "ce": 7.82958, "surp": 71.04477, "rent": 0.94512, "div": -0.09929, "persist": -0.5072, "steps_per_s": 1.416, "t": "12:02:54"}
{"step": 9550, "ce": 7.0595, "surp": 102.17052, "rent": 0.90733, "div": -0.10392, "persist": -0.50744, "steps_per_s": 1.415, "t": "12:03:17"}
{"step": 9575, "self_mse": 3.22092, "var_floor": 1.0, "contain": 166.52307, "rms": 23.239, "max_norm": 42.725, "steps_per_s": 1.414, "t": "12:03:39"}
{"step": 9600, "ce": 7.29807, "surp": 50.98285, "rent": 0.84599, "div": -0.10461, "persist": -0.50733, "steps_per_s": 1.414, "t": "12:04:00"}
{"step": 9625, "self_mse": 0.34277, "var_floor": 0.62707, "contain": 98.42632, "rms": 23.4178, "max_norm": 43.642, "steps_per_s": 1.413, "t": "12:04:21"}
{"step": 9650, "ce": 5.90269, "surp": 69.66011, "rent": 0.97284, "div": -0.10175, "persist": -0.50718, "steps_per_s": 1.412, "t": "12:04:43"}
{"step": 9675, "ce": 6.94064, "surp": 66.66037, "rent": 0.9694, "div": -0.11133, "persist": -0.50814, "steps_per_s": 1.411, "t": "12:05:05"}
{"step": 9700, "ce": 6.21793, "surp": 62.60772, "rent": 0.90638, "div": -0.11557, "persist": -0.50589, "steps_per_s": 1.41, "t": "12:05:27"}
{"step": 9725, "ce": 7.01955, "surp": 83.13356, "rent": 0.98574, "div": -0.12165, "persist": -0.50297, "steps_per_s": 1.409, "t": "12:05:50"}
{"step": 9750, "self_mse": 0.07645, "var_floor": 0.63955, "contain": 90.2751, "rms": 23.3209, "max_norm": 43.401, "steps_per_s": 1.409, "t": "12:06:08"}
{"step": 9775, "self_mse": 0.10932, "var_floor": 0.60531, "contain": 88.29662, "rms": 23.3255, "max_norm": 42.986, "steps_per_s": 1.408, "t": "12:06:31"}
{"step": 9800, "ce": 7.84416, "surp": 66.0732, "rent": 0.9338, "div": -0.12437, "persist": -0.50013, "steps_per_s": 1.407, "t": "12:06:54"}
{"step": 9825, "ce": 7.45548, "surp": 68.49255, "rent": 0.99174, "div": -0.1266, "persist": -0.50004, "steps_per_s": 1.406, "t": "12:07:16"}
{"step": 9850, "ce": 7.47954, "surp": 66.79289, "rent": 0.98606, "div": -0.12897, "persist": -0.50007, "steps_per_s": 1.405, "t": "12:07:41"}
{"step": 9875, "self_mse": 0.44742, "var_floor": 0.69077, "contain": 92.26942, "rms": 21.3077, "max_norm": 44.315, "steps_per_s": 1.404, "t": "12:08:04"}
{"step": 9900, "ce": 7.32218, "surp": 68.6037, "rent": 0.97358, "div": -0.13194, "persist": -0.50016, "steps_per_s": 1.403, "t": "12:08:25"}
{"step": 9925, "self_mse": 0.09163, "var_floor": 0.88715, "contain": 96.23244, "rms": 21.1687, "max_norm": 44.706, "steps_per_s": 1.402, "t": "12:08:46"}
{"step": 9950, "ce": 7.3466, "surp": 65.06309, "rent": 0.97818, "div": -0.13108, "persist": -2.83181, "steps_per_s": 1.402, "t": "12:09:05"}
{"step": 9975, "self_mse": 0.06955, "var_floor": 0.876, "contain": 96.45145, "rms": 21.1341, "max_norm": 44.393, "steps_per_s": 1.402, "t": "12:09:25"}
{"step": 10000, "ce": 7.44062, "surp": 79.07562, "rent": 0.93664, "div": -0.12748, "persist": -0.50004, "steps_per_s": 1.401, "t": "12:09:48"}
{"step": 10000, "val_ce_nats": 10.4894, "floor_L1": 7.1, "floor_L2": 4.47, "health": {"rho_exact": 0.0, "sites": 200, "entropy_norm": 1.0, "sign_hat": -1.0, "rms": 20.5215, "com_radius": 15.187, "spread_rms": 20.5215, "excursion": {"t24": {"norm": 25.473, "conf": 0.0264}, "t48": {"norm": 24.043, "conf": 0.0347}, "t96": {"norm": 25.619, "conf": 0.0273}, "t199": {"norm": 25.98, "conf": 0.0268}}, "tau_mean": 0.5, "tau_pinned_frac": 0.0, "gen": {"gen_trigram_transient": 0.8471, "gen_repeat_frac": 0.0202, "gen_sites": 96}}, "gov_w": 0.054, "gov_k_texture": 1.0, "gov_self": 0.4, "gov_adverse": false, "t": "12:10:14"}
{"event": "ckpt", "step": 10000, "t": "12:10:16"}
{"step": 10025, "ce": 7.4815, "surp": 89.71743, "rent": 0.9487, "div": -0.12395, "persist": -0.50002, "steps_per_s": 1.395, "t": "12:10:36"}
{"step": 10050, "ce": 7.38299, "surp": 94.84988, "rent": 0.93576, "div": -0.12308, "persist": -0.51879, "steps_per_s": 1.393, "t": "12:11:02"}
{"step": 10075, "self_mse": 0.16416, "var_floor": 0.77774, "contain": 97.33675, "rms": 21.2453, "max_norm": 44.265, "steps_per_s": 1.392, "t": "12:11:25"}
{"step": 10100, "ce": 7.11452, "surp": 96.40991, "rent": 0.98688, "div": -0.12547, "persist": -0.50076, "steps_per_s": 1.392, "t": "12:11:45"}
{"step": 10125, "ce": 7.015, "surp": 89.25228, "rent": 0.99741, "div": -0.13084, "persist": -0.50005, "steps_per_s": 1.391, "t": "12:12:09"}
{"step": 10150, "ce": 6.81024, "surp": 108.75898, "rent": 0.99811, "div": -0.13142, "persist": -0.50018, "steps_per_s": 1.39, "t": "12:12:31"}
{"step": 10175, "ce": 7.47079, "surp": 109.77938, "rent": 0.99559, "div": -0.129, "persist": -0.50048, "steps_per_s": 1.389, "t": "12:12:53"}
{"step": 10200, "ce": 7.47411, "surp": 97.88042, "rent": 0.97795, "div": -0.13042, "persist": -0.50009, "steps_per_s": 1.388, "t": "12:13:16"}
{"step": 10225, "ce": 7.32568, "surp": 86.73723, "rent": 0.9299, "div": -0.12621, "persist": -0.56887, "steps_per_s": 1.388, "t": "12:13:37"}
{"step": 10250, "ce": 7.42496, "surp": 94.064, "rent": 0.97211, "div": -0.12106, "persist": -0.5001, "steps_per_s": 1.387, "t": "12:13:58"}
{"step": 10275, "ce": 6.57588, "surp": 96.26884, "rent": 0.96908, "div": -0.12431, "persist": -0.50303, "steps_per_s": 1.387, "t": "12:14:18"}
{"step": 10300, "ce": 7.4617, "surp": 94.31188, "rent": 0.95088, "div": -0.12453, "persist": -0.50004, "steps_per_s": 1.386, "t": "12:14:39"}
{"step": 10325, "self_mse": 0.12338, "var_floor": 0.82965, "contain": 91.93515, "rms": 21.0472, "max_norm": 43.357, "steps_per_s": 1.386, "t": "12:14:59"}
{"step": 10350, "ce": 6.10262, "surp": 95.333, "rent": 0.95127, "div": -0.1266, "persist": -0.50047, "steps_per_s": 1.386, "t": "12:15:18"}
{"step": 10375, "ce": 6.79514, "surp": 100.74603, "rent": 0.93973, "div": -0.1281, "persist": -2.21235, "steps_per_s": 1.385, "t": "12:15:39"}
{"step": 10400, "self_mse": 0.07161, "var_floor": 0.86411, "contain": 93.32193, "rms": 21.0605, "max_norm": 43.485, "steps_per_s": 1.384, "t": "12:16:00"}
{"step": 10425, "ce": 6.91748, "surp": 98.88077, "rent": 0.97403, "div": -0.12789, "persist": -0.50007, "steps_per_s": 1.383, "t": "12:16:24"}
{"step": 10450, "self_mse": 0.13273, "var_floor": 0.86508, "contain": 89.91794, "rms": 20.9756, "max_norm": 43.06, "steps_per_s": 1.383, "t": "12:16:47"}
{"step": 10475, "ce": 7.43208, "surp": 92.70533, "rent": 0.90137, "div": -0.12462, "persist": -0.50012, "steps_per_s": 1.382, "t": "12:17:06"}
{"step": 10500, "self_mse": 0.10844, "var_floor": 0.86476, "contain": 90.12793, "rms": 20.9282, "max_norm": 42.896, "steps_per_s": 1.382, "t": "12:17:28"}
{"event": "resume", "from_step": 7500, "ckpt": "zeus_step7500.pt", "t": "12:17:45"}
{"step": 7525, "ce": 7.11373, "surp": 74.08665, "rent": 0.99264, "div": -0.14178, "persist": -0.53581, "steps_per_s": 346.264, "t": "12:18:07"}
{"step": 7550, "ce": 6.3665, "surp": 68.77237, "rent": 0.99596, "div": -0.14161, "persist": -0.5005, "steps_per_s": 176.165, "t": "12:18:28"}
{"step": 7575, "ce": 7.9412, "surp": 31.05689, "rent": 0.87154, "div": -0.12222, "persist": -0.50308, "steps_per_s": 120.301, "t": "12:18:48"}
{"step": 7600, "ce": 7.40638, "surp": 62.99157, "rent": 0.90175, "div": -0.12899, "persist": -0.51194, "steps_per_s": 91.678, "t": "12:19:08"}
{"step": 7625, "self_mse": 0.637, "var_floor": 0.41488, "contain": 427.35834, "rms": 23.8007, "max_norm": 47.53, "steps_per_s": 74.872, "t": "12:19:27"}
{"step": 7650, "self_mse": 0.51791, "var_floor": 0.24775, "contain": 628.94324, "rms": 27.2586, "max_norm": 53.786, "steps_per_s": 63.821, "t": "12:19:45"}
{"step": 7675, "self_mse": 0.30738, "var_floor": 0.18841, "contain": 523.86377, "rms": 27.505, "max_norm": 50.204, "steps_per_s": 55.329, "t": "12:20:04"}
{"step": 7700, "ce": 7.0651, "surp": 136.42756, "rent": 0.98748, "div": -0.1313, "persist": -0.5048, "steps_per_s": 47.445, "t": "12:20:27"}
{"step": 7725, "ce": 6.13846, "surp": 70.90574, "rent": 0.89549, "div": -0.13095, "persist": -0.85267, "steps_per_s": 41.537, "t": "12:20:51"}
{"step": 7750, "ce": 6.46453, "surp": 72.33519, "rent": 0.83777, "div": -0.12685, "persist": -0.50443, "steps_per_s": 36.997, "t": "12:21:15"}
{"step": 7775, "ce": 7.12997, "surp": 75.6622, "rent": 0.92613, "div": -0.12529, "persist": -0.50087, "steps_per_s": 33.256, "t": "12:21:39"}
{"step": 7800, "self_mse": 0.06828, "var_floor": 0.22254, "contain": 543.48035, "rms": 27.8364, "max_norm": 51.927, "steps_per_s": 30.565, "t": "12:22:00"}
{"step": 7825, "ce": 6.72475, "surp": 79.71961, "rent": 0.96255, "div": -0.13822, "persist": -0.50131, "steps_per_s": 28.09, "t": "12:22:24"}
{"step": 7850, "ce": 6.57108, "surp": 73.81962, "rent": 0.83337, "div": -0.13616, "persist": -0.50187, "steps_per_s": 26.224, "t": "12:22:44"}
{"step": 7875, "self_mse": 0.10279, "var_floor": 0.22706, "contain": 517.21051, "rms": 27.6506, "max_norm": 50.82, "steps_per_s": 24.517, "t": "12:23:06"}
{"step": 7900, "self_mse": 0.01883, "var_floor": 0.22351, "contain": 515.3421, "rms": 27.6283, "max_norm": 50.695, "steps_per_s": 23.101, "t": "12:23:27"}
{"step": 7925, "ce": 6.47177, "surp": 72.00776, "rent": 0.96335, "div": -0.13973, "persist": -0.50093, "steps_per_s": 21.982, "t": "12:23:46"}
{"step": 7950, "ce": 7.14523, "surp": 74.3237, "rent": 0.85086, "div": -0.13786, "persist": -0.50142, "steps_per_s": 20.904, "t": "12:24:05"}
{"step": 7975, "ce": 6.40289, "surp": 74.34762, "rent": 0.8746, "div": -0.13442, "persist": -0.50079, "steps_per_s": 20.049, "t": "12:24:23"}
{"step": 8000, "ce": 6.6032, "surp": 74.72407, "rent": 0.97087, "div": -0.13609, "persist": -0.50083, "steps_per_s": 18.979, "t": "12:24:47"}
{"step": 8000, "val_ce_nats": 6.9849, "floor_L1": 7.1, "floor_L2": 4.47, "health": {"rho_exact": 0.0, "sites": 200, "entropy_norm": 1.0, "sign_hat": -1.0, "rms": 23.589, "com_radius": 9.262, "spread_rms": 23.589, "excursion": {"t24": {"norm": 43.605, "conf": 0.1531}, "t48": {"norm": 20.879, "conf": 0.043}, "t96": {"norm": 22.077, "conf": 0.0368}, "t199": {"norm": 21.882, "conf": 0.0319}}, "tau_mean": 0.5, "tau_pinned_frac": 0.0, "gen": {"gen_trigram_transient": 0.7921, "gen_repeat_frac": 0.0188, "gen_sites": 96}}, "gov_w": 0.061, "gov_k_texture": 1.0, "gov_self": 0.4, "gov_adverse": false, "t": "12:25:14"}
{"step": 8025, "ce": 6.88976, "surp": 73.65875, "rent": 0.8604, "div": -0.13352, "persist": -0.50366, "steps_per_s": 17.009, "t": "12:25:37"}
{"step": 8050, "ce": 7.17374, "surp": 54.97654, "rent": 0.86539, "div": -0.12213, "persist": -1.12371, "steps_per_s": 16.23, "t": "12:26:01"}
{"step": 8075, "self_mse": 0.52936, "var_floor": 0.39729, "contain": 562.39398, "rms": 27.2371, "max_norm": 52.983, "steps_per_s": 15.52, "t": "12:26:25"}
{"step": 8100, "self_mse": 0.46392, "var_floor": 0.27037, "contain": 451.32895, "rms": 26.2814, "max_norm": 48.761, "steps_per_s": 14.908, "t": "12:26:48"}
{"step": 8125, "ce": 6.84566, "surp": 72.61756, "rent": 0.9956, "div": -0.13134, "persist": -0.50249, "steps_per_s": 14.335, "t": "12:27:12"}
{"step": 8150, "ce": 7.4438, "surp": 76.17739, "rent": 0.99928, "div": -0.13583, "persist": -0.50078, "steps_per_s": 13.779, "t": "12:27:37"}
{"step": 8175, "ce": 6.86842, "surp": 81.12514, "rent": 0.99933, "div": -0.13789, "persist": -0.50147, "steps_per_s": 13.277, "t": "12:28:01"}
{"step": 8200, "ce": 6.1389, "surp": 78.4831, "rent": 0.99869, "div": -0.13853, "persist": -0.50092, "steps_per_s": 12.87, "t": "12:28:22"}
{"step": 8225, "self_mse": 0.04296, "var_floor": 0.31273, "contain": 537.38477, "rms": 27.734, "max_norm": 54.8, "steps_per_s": 12.507, "t": "12:28:43"}
{"step": 8250, "self_mse": 0.04171, "var_floor": 0.31237, "contain": 539.33582, "rms": 27.7013, "max_norm": 54.741, "steps_per_s": 12.149, "t": "12:29:04"}
{"step": 8275, "ce": 7.47698, "surp": 70.12925, "rent": 0.98968, "div": -0.13876, "persist": -0.50022, "steps_per_s": 11.808, "t": "12:29:26"}
{"step": 8300, "ce": 6.49286, "surp": 72.00623, "rent": 0.99809, "div": -0.14008, "persist": -0.50041, "steps_per_s": 11.488, "t": "12:29:48"}
{"step": 8325, "ce": 7.47219, "surp": 62.32413, "rent": 0.95574, "div": -0.13887, "persist": -0.50388, "steps_per_s": 11.153, "t": "12:30:12"}
{"step": 8350, "ce": 7.04222, "surp": 65.5723, "rent": 0.98725, "div": -0.14037, "persist": -0.50232, "steps_per_s": 10.829, "t": "12:30:36"}
{"step": 8375, "ce": 6.56211, "surp": 66.33577, "rent": 0.99216, "div": -0.14013, "persist": -0.50673, "steps_per_s": 10.55, "t": "12:30:59"}
{"step": 8400, "ce": 6.54866, "surp": 66.78017, "rent": 0.99276, "div": -0.14047, "persist": -0.50098, "steps_per_s": 10.249, "t": "12:31:25"}
{"step": 8425, "self_mse": 0.0225, "var_floor": 0.32319, "contain": 542.01709, "rms": 27.6466, "max_norm": 54.987, "steps_per_s": 10.01, "t": "12:31:47"}
{"step": 8450, "self_mse": 0.03056, "var_floor": 0.32073, "contain": 540.56958, "rms": 27.6591, "max_norm": 55.022, "steps_per_s": 9.796, "t": "12:32:08"}
{"step": 8475, "ce": 5.54451, "surp": 65.5417, "rent": 0.99895, "div": -0.14117, "persist": -0.5021, "steps_per_s": 9.594, "t": "12:32:29"}
{"step": 8500, "ce": 7.34656, "surp": 65.31197, "rent": 0.9976, "div": -0.14092, "persist": -0.50108, "steps_per_s": 9.391, "t": "12:32:50"}
{"step": 8500, "val_ce_nats": 8.1015, "floor_L1": 7.1, "floor_L2": 4.47, "health": {"rho_exact": 0.0, "sites": 200, "entropy_norm": 1.0, "sign_hat": -1.0, "rms": 23.8977, "com_radius": 8.125, "spread_rms": 23.8977, "excursion": {"t24": {"norm": 49.351, "conf": 0.7835}, "t48": {"norm": 18.423, "conf": 0.195}, "t96": {"norm": 20.903, "conf": 0.0243}, "t199": {"norm": 20.912, "conf": 0.0269}}, "tau_mean": 0.5, "tau_pinned_frac": 0.0, "gen": {"gen_trigram_transient": 0.8233, "gen_repeat_frac": 0.0116, "gen_sites": 96}}, "gov_w": 0.06, "gov_k_texture": 1.0, "gov_self": 0.4, "gov_adverse": false, "t": "12:33:15"}
{"step": 8525, "ce": 6.67756, "surp": 64.18919, "rent": 0.9987, "div": -0.14131, "persist": -0.50132, "steps_per_s": 8.95, "t": "12:33:38"}
{"step": 8550, "ce": 7.28928, "surp": 62.80644, "rent": 0.99813, "div": -0.14148, "persist": -0.50104, "steps_per_s": 8.776, "t": "12:33:59"}
{"step": 8575, "self_mse": 0.11622, "var_floor": 0.31884, "contain": 535.99536, "rms": 27.6424, "max_norm": 54.757, "steps_per_s": 8.599, "t": "12:34:22"}
{"step": 8600, "self_mse": 0.10209, "var_floor": 0.30715, "contain": 527.85901, "rms": 27.628, "max_norm": 54.352, "steps_per_s": 8.447, "t": "12:34:43"}
{"step": 8625, "ce": 7.39572, "surp": 55.91451, "rent": 0.9955, "div": -0.14129, "persist": -0.50068, "steps_per_s": 8.295, "t": "12:35:05"}
{"step": 8650, "self_mse": 0.01802, "var_floor": 0.29949, "contain": 519.76257, "rms": 27.6822, "max_norm": 53.992, "steps_per_s": 8.152, "t": "12:35:26"}
{"step": 8675, "ce": 7.20916, "surp": 60.18866, "rent": 0.99951, "div": -0.14162, "persist": -0.50132, "steps_per_s": 7.985, "t": "12:35:52"}
{"step": 8700, "self_mse": 0.01668, "var_floor": 0.29899, "contain": 521.34314, "rms": 27.6216, "max_norm": 53.981, "steps_per_s": 7.83, "t": "12:36:16"}
{"step": 8725, "ce": 5.96956, "surp": 59.05882, "rent": 0.99948, "div": -0.14112, "persist": -0.50094, "steps_per_s": 7.69, "t": "12:36:40"}
{"step": 8750, "ce": 7.06651, "surp": 59.36141, "rent": 0.99876, "div": -0.14131, "persist": -0.50047, "steps_per_s": 7.561, "t": "12:37:02"}
{"step": 8775, "ce": 6.56915, "surp": 56.23689, "rent": 0.99714, "div": -0.14153, "persist": -0.50037, "steps_per_s": 7.434, "t": "12:37:25"}
{"step": 8800, "self_mse": 0.02855, "var_floor": 0.29334, "contain": 517.36743, "rms": 27.6539, "max_norm": 53.688, "steps_per_s": 7.31, "t": "12:37:49"}
{"step": 8825, "self_mse": 0.02275, "var_floor": 0.29329, "contain": 518.88171, "rms": 27.6227, "max_norm": 53.864, "steps_per_s": 7.206, "t": "12:38:10"}
{"step": 8850, "ce": 6.11862, "surp": 54.80544, "rent": 0.97611, "div": -0.14168, "persist": -0.50035, "steps_per_s": 7.076, "t": "12:38:36"}
{"step": 8875, "ce": 7.47374, "surp": 55.28388, "rent": 0.99042, "div": -0.14077, "persist": -0.50136, "steps_per_s": 6.969, "t": "12:38:59"}
{"step": 8900, "ce": 7.90365, "surp": 56.18283, "rent": 0.98747, "div": -0.14143, "persist": -0.50055, "steps_per_s": 6.858, "t": "12:39:23"}
{"step": 8925, "self_mse": 0.02046, "var_floor": 0.29915, "contain": 517.13818, "rms": 27.5801, "max_norm": 53.801, "steps_per_s": 6.753, "t": "12:39:47"}
{"step": 8950, "ce": 7.21561, "surp": 55.01535, "rent": 0.97144, "div": -0.13857, "persist": -0.50017, "steps_per_s": 6.659, "t": "12:40:09"}
{"step": 8975, "ce": 7.59684, "surp": 59.58485, "rent": 0.97923, "div": -0.13995, "persist": -0.50019, "steps_per_s": 6.569, "t": "12:40:31"}
{"step": 9000, "self_mse": 0.04463, "var_floor": 0.298, "contain": 517.88428, "rms": 27.5766, "max_norm": 54.15, "steps_per_s": 6.483, "t": "12:40:53"}
{"step": 9000, "val_ce_nats": 7.0432, "floor_L1": 7.1, "floor_L2": 4.47, "health": {"rho_exact": 0.0, "sites": 200, "entropy_norm": 1.0, "sign_hat": -1.0, "rms": 23.5292, "com_radius": 7.668, "spread_rms": 23.5292, "excursion": {"t24": {"norm": 46.233, "conf": 0.4559}, "t48": {"norm": 19.132, "conf": 0.0426}, "t96": {"norm": 20.59, "conf": 0.0242}, "t199": {"norm": 21.262, "conf": 0.0238}}, "tau_mean": 0.5, "tau_pinned_frac": 0.0, "gen": {"gen_trigram_transient": 0.8198, "gen_repeat_frac": 0.0145, "gen_sites": 96}}, "gov_w": 0.058, "gov_k_texture": 1.0, "gov_self": 0.4, "gov_adverse": false, "t": "12:41:16"}
{"step": 9025, "self_mse": 0.02894, "var_floor": 0.29266, "contain": 515.79804, "rms": 27.553, "max_norm": 54.002, "steps_per_s": 6.293, "t": "12:41:39"}
{"step": 9050, "self_mse": 0.0762, "var_floor": 0.28965, "contain": 517.04236, "rms": 27.5663, "max_norm": 53.972, "steps_per_s": 6.215, "t": "12:42:01"}
{"step": 9075, "ce": 6.88622, "surp": 56.92214, "rent": 0.99848, "div": -0.14161, "persist": -0.50024, "steps_per_s": 6.138, "t": "12:42:24"}
{"step": 9100, "self_mse": 0.1136, "var_floor": 0.28883, "contain": 505.07172, "rms": 27.5654, "max_norm": 53.755, "steps_per_s": 6.071, "t": "12:42:44"}
{"step": 9125, "ce": 7.69633, "surp": 53.46933, "rent": 0.9942, "div": -0.14144, "persist": -0.50033, "steps_per_s": 6.002, "t": "12:43:06"}
{"step": 9150, "self_mse": 0.01432, "var_floor": 0.29226, "contain": 506.3988, "rms": 27.5537, "max_norm": 53.786, "steps_per_s": 5.926, "t": "12:43:29"}
{"step": 9175, "ce": 6.82249, "surp": 53.79615, "rent": 0.99784, "div": -0.14178, "persist": -0.50044, "steps_per_s": 5.856, "t": "12:43:52"}
{"step": 9200, "ce": 5.98057, "surp": 52.88946, "rent": 0.99878, "div": -0.1381, "persist": -0.50017, "steps_per_s": 5.798, "t": "12:44:12"}
{"step": 9225, "ce": 7.92459, "surp": 54.50254, "rent": 0.96072, "div": -0.14004, "persist": -0.50013, "steps_per_s": 5.731, "t": "12:44:35"}
{"step": 9250, "self_mse": 0.01134, "var_floor": 0.29229, "contain": 504.23657, "rms": 27.5632, "max_norm": 53.978, "steps_per_s": 5.68, "t": "12:44:54"}
{"step": 9275, "ce": 7.07958, "surp": 54.35975, "rent": 0.97471, "div": -0.14085, "persist": -0.50028, "steps_per_s": 5.617, "t": "12:45:16"}
{"step": 9300, "ce": 6.61568, "surp": 53.11697, "rent": 0.99872, "div": -0.14133, "persist": -0.50012, "steps_per_s": 5.55, "t": "12:45:41"}
{"step": 9325, "ce": 7.31155, "surp": 53.70184, "rent": 0.99931, "div": -0.14135, "persist": -0.50017, "steps_per_s": 5.474, "t": "12:46:09"}
{"step": 9350, "ce": 6.89341, "surp": 52.67171, "rent": 0.9978, "div": -0.14169, "persist": -0.50015, "steps_per_s": 5.419, "t": "12:46:31"}
{"step": 9375, "self_mse": 0.00847, "var_floor": 0.29041, "contain": 513.97937, "rms": 27.5398, "max_norm": 54.036, "steps_per_s": 5.356, "t": "12:46:55"}
{"step": 9400, "ce": 7.91102, "surp": 52.45739, "rent": 0.97954, "div": -0.14156, "persist": -0.50013, "steps_per_s": 5.31, "t": "12:47:16"}
{"step": 9425, "self_mse": 0.01005, "var_floor": 0.29243, "contain": 511.4707, "rms": 27.6039, "max_norm": 54.037, "steps_per_s": 5.262, "t": "12:47:36"}
{"step": 9450, "self_mse": 0.00847, "var_floor": 0.2915, "contain": 505.28284, "rms": 27.5748, "max_norm": 53.886, "steps_per_s": 5.224, "t": "12:47:54"}
{"step": 9475, "self_mse": 0.01326, "var_floor": 0.29163, "contain": 505.26013, "rms": 27.5036, "max_norm": 53.832, "steps_per_s": 5.176, "t": "12:48:16"}
{"step": 9500, "ce": 7.07202, "surp": 49.43587, "rent": 0.98817, "div": -0.14183, "persist": -0.50012, "steps_per_s": 5.128, "t": "12:48:38"}
{"step": 9500, "val_ce_nats": 7.0771, "floor_L1": 7.1, "floor_L2": 4.47, "health": {"rho_exact": 0.0, "sites": 200, "entropy_norm": 1.0, "sign_hat": -1.0, "rms": 23.3173, "com_radius": 8.913, "spread_rms": 23.3173, "excursion": {"t24": {"norm": 47.262, "conf": 0.6655}, "t48": {"norm": 19.325, "conf": 0.1642}, "t96": {"norm": 20.041, "conf": 0.0455}, "t199": {"norm": 21.051, "conf": 0.0451}}, "tau_mean": 0.5, "tau_pinned_frac": 0.0, "gen": {"gen_trigram_transient": 0.8133, "gen_repeat_frac": 0.0184, "gen_sites": 96}}, "gov_w": 0.056, "gov_k_texture": 1.0, "gov_self": 0.4, "gov_adverse": false, "t": "12:49:05"}
{"step": 9525, "ce": 7.41336, "surp": 50.31542, "rent": 0.9786, "div": -0.14198, "persist": -0.50012, "steps_per_s": 5.009, "t": "12:49:27"}
{"step": 9550, "ce": 7.61876, "surp": 49.49576, "rent": 0.99347, "div": -0.14203, "persist": -0.50009, "steps_per_s": 4.963, "t": "12:49:50"}
{"step": 9575, "self_mse": 0.01429, "var_floor": 0.29424, "contain": 505.02576, "rms": 27.468, "max_norm": 53.951, "steps_per_s": 4.926, "t": "12:50:09"}
{"step": 9600, "ce": 7.99284, "surp": 48.79711, "rent": 0.96628, "div": -0.14228, "persist": -0.5001, "steps_per_s": 4.882, "t": "12:50:32"}
{"step": 9625, "ce": 7.09436, "surp": 48.40854, "rent": 0.9813, "div": -0.14229, "persist": -0.50011, "steps_per_s": 4.841, "t": "12:50:53"}
{"step": 9650, "ce": 6.96704, "surp": 47.81522, "rent": 0.99317, "div": -0.14225, "persist": -0.50011, "steps_per_s": 4.799, "t": "12:51:16"}
{"step": 9675, "ce": 7.52227, "surp": 49.27384, "rent": 0.98918, "div": -0.13724, "persist": -0.50075, "steps_per_s": 4.754, "t": "12:51:40"}
{"step": 9700, "ce": 6.70986, "surp": 45.72864, "rent": 0.98772, "div": -0.14005, "persist": -0.50037, "steps_per_s": 4.718, "t": "12:52:01"}
{"step": 9725, "self_mse": 0.01263, "var_floor": 0.28949, "contain": 506.88925, "rms": 27.4792, "max_norm": 53.9, "steps_per_s": 4.681, "t": "12:52:23"}
{"step": 9750, "self_mse": 0.0138, "var_floor": 0.29178, "contain": 506.91705, "rms": 27.4724, "max_norm": 53.92, "steps_per_s": 4.619, "t": "12:52:56"}
{"step": 9775, "ce": 6.60697, "surp": 46.67844, "rent": 0.99161, "div": -0.14185, "persist": -0.50018, "steps_per_s": 4.57, "t": "12:53:24"}
{"step": 9800, "ce": 6.60513, "surp": 46.06372, "rent": 0.98512, "div": -0.14105, "persist": -0.50018, "steps_per_s": 4.536, "t": "12:53:46"}
{"step": 9825, "self_mse": 0.70755, "var_floor": 0.27263, "contain": 493.02094, "rms": 27.5286, "max_norm": 53.448, "steps_per_s": 4.501, "t": "12:54:08"}
{"step": 9850, "ce": 6.86826, "surp": 42.61246, "rent": 0.81699, "div": -0.13729, "persist": -0.53575, "steps_per_s": 4.466, "t": "12:54:30"}
{"step": 9875, "self_mse": 0.82771, "var_floor": 0.21407, "contain": 61.45146, "rms": 22.6978, "max_norm": 41.069, "steps_per_s": 4.433, "t": "12:54:52"}
{"step": 9900, "self_mse": 0.4417, "var_floor": 0.33834, "contain": 66.73334, "rms": 22.4018, "max_norm": 40.842, "steps_per_s": 4.399, "t": "12:55:16"}
{"step": 9925, "self_mse": 0.37835, "var_floor": 0.30643, "contain": 70.38867, "rms": 22.7256, "max_norm": 41.529, "steps_per_s": 4.361, "t": "12:55:41"}
{"step": 9950, "ce": 6.6413, "surp": 68.78624, "rent": 0.99999, "div": -0.13545, "persist": -0.51081, "steps_per_s": 4.329, "t": "12:56:04"}
{"step": 9975, "ce": 7.4807, "surp": 75.00819, "rent": 1.0, "div": -0.13529, "persist": -0.51041, "steps_per_s": 4.3, "t": "12:56:25"}
{"step": 10000, "ce": 7.27833, "surp": 80.06892, "rent": 0.99997, "div": -0.12363, "persist": -0.50932, "steps_per_s": 4.271, "t": "12:56:46"}
{"step": 10000, "val_ce_nats": 7.0215, "floor_L1": 7.1, "floor_L2": 4.47, "health": {"rho_exact": 0.0, "sites": 200, "entropy_norm": 1.0, "sign_hat": -1.0, "rms": 21.1965, "com_radius": 9.519, "spread_rms": 21.1965, "excursion": {"t24": {"norm": 24.506, "conf": 0.0638}, "t48": {"norm": 22.249, "conf": 0.0621}, "t96": {"norm": 22.397, "conf": 0.0641}, "t199": {"norm": 22.384, "conf": 0.0662}}, "tau_mean": 0.65, "tau_pinned_frac": 0.005, "gen": {"gen_trigram_transient": 0.8089, "gen_repeat_frac": 0.0233, "gen_sites": 96}}, "gov_w": 0.054, "gov_k_texture": 1.0, "gov_self": 0.4, "gov_adverse": false, "t": "12:57:10"}
{"event": "ckpt", "step": 10000, "t": "12:57:12"}
{"step": 10025, "self_mse": 0.45387, "var_floor": 0.38146, "contain": 73.07911, "rms": 23.1393, "max_norm": 41.541, "steps_per_s": 4.193, "t": "12:57:36"}
{"step": 10050, "ce": 7.7802, "surp": 54.44831, "rent": 0.96374, "div": -0.13451, "persist": -0.50502, "steps_per_s": 4.163, "t": "12:57:59"}
{"step": 10075, "ce": 7.74738, "surp": 64.3164, "rent": 0.94716, "div": -0.13477, "persist": -0.508, "steps_per_s": 4.133, "t": "12:58:23"}
{"step": 10100, "ce": 8.64169, "surp": 51.42909, "rent": 0.96278, "div": -0.12137, "persist": -0.5071, "steps_per_s": 4.101, "t": "12:58:48"}
{"step": 10125, "ce": 7.12703, "surp": 71.27702, "rent": 0.99615, "div": -0.13475, "persist": -0.50452, "steps_per_s": 4.073, "t": "12:59:11"}
{"step": 10150, "ce": 7.31642, "surp": 70.89867, "rent": 0.90671, "div": -0.12675, "persist": -0.53317, "steps_per_s": 4.042, "t": "12:59:36"}
{"step": 10175, "ce": 7.28841, "surp": 55.12934, "rent": 0.94719, "div": -0.12257, "persist": -0.52521, "steps_per_s": 4.015, "t": "12:59:59"}
{"step": 10200, "ce": 6.8741, "surp": 69.42824, "rent": 0.92426, "div": -0.12422, "persist": -0.57753, "steps_per_s": 3.986, "t": "13:00:24"}
{"step": 10225, "ce": 6.84659, "surp": 70.5866, "rent": 0.92553, "div": -0.12345, "persist": -0.55976, "steps_per_s": 3.956, "t": "13:00:50"}
{"step": 10250, "ce": 7.05399, "surp": 63.3802, "rent": 0.9076, "div": -0.12207, "persist": -0.51139, "steps_per_s": 3.932, "t": "13:01:12"}
{"step": 10275, "self_mse": 0.34073, "var_floor": 0.36009, "contain": 82.33031, "rms": 23.266, "max_norm": 42.396, "steps_per_s": 3.904, "t": "13:01:37"}
{"step": 10300, "ce": 6.58821, "surp": 78.66427, "rent": 0.93061, "div": -0.12222, "persist": -0.50341, "steps_per_s": 3.882, "t": "13:01:59"}
{"step": 10325, "self_mse": 0.14398, "var_floor": 0.31912, "contain": 83.77581, "rms": 23.3598, "max_norm": 41.659, "steps_per_s": 3.858, "t": "13:02:21"}
{"step": 10350, "self_mse": 0.14834, "var_floor": 0.26867, "contain": 89.66252, "rms": 23.4455, "max_norm": 41.807, "steps_per_s": 3.833, "t": "13:02:45"}
{"step": 10375, "ce": 6.85494, "surp": 62.87232, "rent": 0.95018, "div": -0.12926, "persist": -0.50355, "steps_per_s": 3.813, "t": "13:03:06"}
{"step": 10400, "ce": 6.84704, "surp": 55.48503, "rent": 0.97391, "div": -0.13151, "persist": -0.50452, "steps_per_s": 3.791, "t": "13:03:29"}
{"step": 10425, "ce": 6.87057, "surp": 57.653, "rent": 0.9058, "div": -0.13036, "persist": -0.52159, "steps_per_s": 3.764, "t": "13:03:55"}
{"step": 10450, "self_mse": 0.19947, "var_floor": 0.263, "contain": 171.11229, "rms": 24.6588, "max_norm": 43.563, "steps_per_s": 3.742, "t": "13:04:18"}
{"step": 10475, "self_mse": 0.13982, "var_floor": 0.24364, "contain": 173.07109, "rms": 24.8253, "max_norm": 43.847, "steps_per_s": 3.72, "t": "13:04:41"}
{"step": 10500, "ce": 6.86354, "surp": 65.6973, "rent": 0.85715, "div": -0.13024, "persist": -0.52002, "steps_per_s": 3.701, "t": "13:05:02"}
{"step": 10500, "val_ce_nats": 25.6166, "floor_L1": 7.1, "floor_L2": 4.47, "health": {"rho_exact": 0.0, "sites": 200, "entropy_norm": 1.0, "sign_hat": -1.0, "rms": 21.8036, "com_radius": 11.165, "spread_rms": 21.8036, "excursion": {"t24": {"norm": 27.367, "conf": 0.0505}, "t48": {"norm": 22.572, "conf": 0.0538}, "t96": {"norm": 23.894, "conf": 0.0546}, "t199": {"norm": 25.964, "conf": 0.0545}}, "tau_mean": 0.5, "tau_pinned_frac": 0.0, "gen": {"gen_trigram_transient": 0.75, "gen_repeat_frac": 0.0335, "gen_sites": 96}}, "gov_w": 0.053, "gov_k_texture": 1.0, "gov_self": 0.4, "gov_adverse": false, "t": "13:05:31"}
{"step": 10525, "self_mse": 0.14713, "var_floor": 0.26256, "contain": 180.15366, "rms": 24.5224, "max_norm": 43.205, "steps_per_s": 3.642, "t": "13:05:55"}
{"step": 10550, "ce": 7.57875, "surp": 66.56823, "rent": 0.90568, "div": -0.13118, "persist": -0.501, "steps_per_s": 3.62, "t": "13:06:20"}
{"step": 10575, "self_mse": 0.23085, "var_floor": 0.26745, "contain": 157.89017, "rms": 24.0587, "max_norm": 42.397, "steps_per_s": 3.6, "t": "13:06:43"}
{"step": 10600, "ce": 7.24905, "surp": 71.12079, "rent": 0.94436, "div": -0.13258, "persist": -1.04458, "steps_per_s": 3.579, "t": "13:07:07"}
{"step": 10625, "ce": 6.3651, "surp": 67.96268, "rent": 0.92253, "div": -0.13186, "persist": -0.50285, "steps_per_s": 3.558, "t": "13:07:31"}
{"step": 10650, "self_mse": 6.25587, "var_floor": 0.51301, "contain": 104.83279, "rms": 18.4417, "max_norm": 45.926, "steps_per_s": 3.537, "t": "13:07:56"}
{"step": 10675, "self_mse": 4.11131, "var_floor": 0.33076, "contain": 100.53053, "rms": 17.1383, "max_norm": 35.496, "steps_per_s": 3.519, "t": "13:08:19"}
{"step": 10700, "ce": 7.36917, "surp": 59.45342, "rent": 0.99392, "div": -0.13478, "persist": -0.50054, "steps_per_s": 3.5, "t": "13:08:42"}
{"step": 10725, "self_mse": 1.97111, "var_floor": 0.78815, "contain": 125.85167, "rms": 16.6343, "max_norm": 35.541, "steps_per_s": 3.482, "t": "13:09:05"}
{"step": 10750, "ce": 7.54554, "surp": 68.15703, "rent": 0.96139, "div": -0.13077, "persist": -0.52625, "steps_per_s": 3.461, "t": "13:09:31"}
{"step": 10775, "ce": 7.05354, "surp": 75.53071, "rent": 0.95386, "div": -0.13086, "persist": -0.50127, "steps_per_s": 3.441, "t": "13:09:57"}
{"step": 10800, "ce": 7.24195, "surp": 55.4799, "rent": 0.98747, "div": -0.12935, "persist": -0.51492, "steps_per_s": 3.424, "t": "13:10:19"}
{"step": 10825, "self_mse": 2.03684, "var_floor": 0.09157, "contain": 186.26315, "rms": 23.6399, "max_norm": 39.289, "steps_per_s": 3.408, "t": "13:10:42"}
{"step": 10850, "ce": 7.42336, "surp": 79.10872, "rent": 0.97503, "div": -0.12874, "persist": -0.51112, "steps_per_s": 3.391, "t": "13:11:04"}
{"step": 10875, "ce": 7.32759, "surp": 72.85791, "rent": 0.95785, "div": -0.13029, "persist": -0.50383, "steps_per_s": 3.373, "t": "13:11:29"}
{"step": 10900, "ce": 6.84199, "surp": 84.03321, "rent": 0.94273, "div": -0.13479, "persist": -0.50402, "steps_per_s": 3.355, "t": "13:11:54"}
{"step": 10925, "ce": 7.05846, "surp": 81.34126, "rent": 0.98206, "div": -0.1371, "persist": -0.52016, "steps_per_s": 3.339, "t": "13:12:17"}
{"step": 10950, "self_mse": 0.21924, "var_floor": 1.0, "contain": 547.49207, "rms": 20.8064, "max_norm": 54.53, "steps_per_s": 3.324, "t": "13:12:40"}
{"step": 10975, "self_mse": 2.05914, "var_floor": 0.85653, "contain": 512.28125, "rms": 20.816, "max_norm": 54.11, "steps_per_s": 3.308, "t": "13:13:02"}
{"step": 11000, "self_mse": 0.36786, "var_floor": 0.77426, "contain": 498.20917, "rms": 20.8464, "max_norm": 54.661, "steps_per_s": 3.295, "t": "13:13:23"}
{"step": 11000, "val_ce_nats": 7.0265, "floor_L1": 7.1, "floor_L2": 4.47, "health": {"rho_exact": 0.0, "sites": 200, "entropy_norm": 1.0, "sign_hat": -1.0, "rms": 22.7548, "com_radius": 29.99, "spread_rms": 22.7548, "excursion": {"t24": {"norm": 49.372, "conf": 0.24}, "t48": {"norm": 35.608, "conf": 0.7204}, "t96": {"norm": 43.345, "conf": 0.7512}, "t199": {"norm": 30.571, "conf": 0.817}}, "tau_mean": 0.51, "tau_pinned_frac": 0.0, "gen": {"gen_trigram_transient": 0.7763, "gen_repeat_frac": 0.0397, "gen_sites": 96}}, "gov_w": 0.051, "gov_k_texture": 1.0, "gov_self": 0.4, "gov_adverse": false, "t": "13:13:51"}
{"step": 11025, "self_mse": 0.77867, "var_floor": 0.83207, "contain": 514.67462, "rms": 20.9965, "max_norm": 54.987, "steps_per_s": 3.254, "t": "13:14:13"}
{"step": 11050, "ce": 6.96329, "surp": 107.6002, "rent": 0.99848, "div": -0.13925, "persist": -0.50046, "steps_per_s": 3.239, "t": "13:14:37"}
{"step": 11075, "ce": 7.13588, "surp": 109.50819, "rent": 0.9419, "div": -0.13943, "persist": -0.50479, "steps_per_s": 3.224, "t": "13:15:00"}
{"step": 11100, "self_mse": 0.38708, "var_floor": 0.72505, "contain": 466.02484, "rms": 20.6535, "max_norm": 55.754, "steps_per_s": 3.21, "t": "13:15:23"}
{"step": 11125, "ce": 7.23043, "surp": 91.89573, "rent": 0.98672, "div": -0.13904, "persist": -0.50246, "steps_per_s": 3.196, "t": "13:15:46"}
{"step": 11150, "ce": 7.47903, "surp": 106.64385, "rent": 0.98987, "div": -0.1401, "persist": -0.50284, "steps_per_s": 3.181, "t": "13:16:10"}
{"step": 11175, "ce": 6.60088, "surp": 112.59529, "rent": 0.98063, "div": -0.1402, "persist": -0.5006, "steps_per_s": 3.168, "t": "13:16:33"}
{"step": 11200, "self_mse": 0.18148, "var_floor": 0.56057, "contain": 471.3465, "rms": 21.1273, "max_norm": 56.699, "steps_per_s": 3.154, "t": "13:16:57"}
{"step": 11225, "ce": 7.17072, "surp": 117.47667, "rent": 0.97428, "div": -0.1408, "persist": -0.50503, "steps_per_s": 3.142, "t": "13:17:18"}
{"step": 11250, "self_mse": 1.47481, "var_floor": 0.41018, "contain": 424.51645, "rms": 21.099, "max_norm": 53.98, "steps_per_s": 3.128, "t": "13:17:41"}
{"step": 11275, "ce": 7.32403, "surp": 117.64887, "rent": 0.98129, "div": -0.14105, "persist": -0.51225, "steps_per_s": 3.117, "t": "13:18:03"}
{"step": 11300, "ce": 7.55345, "surp": 120.97012, "rent": 1.0, "div": -0.14119, "persist": -0.52159, "steps_per_s": 3.105, "t": "13:18:24"}
{"step": 11325, "ce": 7.13149, "surp": 122.19006, "rent": 1.0, "div": -0.14131, "persist": -0.52678, "steps_per_s": 3.093, "t": "13:18:46"}
{"step": 11350, "ce": 7.08659, "surp": 95.9286, "rent": 0.96007, "div": -0.13788, "persist": -0.51945, "steps_per_s": 3.081, "t": "13:19:09"}
{"step": 11375, "ce": 6.72977, "surp": 94.14131, "rent": 0.98059, "div": -0.13799, "persist": -0.51312, "steps_per_s": 3.067, "t": "13:19:34"}
{"step": 11400, "self_mse": 0.22608, "var_floor": 0.51509, "contain": 408.5477, "rms": 20.7778, "max_norm": 54.383, "steps_per_s": 3.053, "t": "13:19:59"}
{"step": 11425, "ce": 6.59777, "surp": 95.31998, "rent": 0.99987, "div": -0.14076, "persist": -0.51398, "steps_per_s": 3.043, "t": "13:20:20"}
{"step": 11450, "self_mse": 0.24237, "var_floor": 0.53939, "contain": 425.71823, "rms": 20.9655, "max_norm": 55.158, "steps_per_s": 3.03, "t": "13:20:43"}
{"step": 11475, "ce": 5.43336, "surp": 94.32153, "rent": 1.0, "div": -0.1407, "persist": -0.55452, "steps_per_s": 3.019, "t": "13:21:06"}
{"step": 11500, "ce": 7.75251, "surp": 88.3449, "rent": 1.0, "div": -0.14116, "persist": -0.5484, "steps_per_s": 3.007, "t": "13:21:29"}
{"step": 11500, "val_ce_nats": 8.7819, "floor_L1": 7.1, "floor_L2": 4.47, "health": {"rho_exact": 0.0, "sites": 200, "entropy_norm": 1.0, "sign_hat": -1.0, "rms": 24.0727, "com_radius": 25.384, "spread_rms": 24.0727, "excursion": {"t24": {"norm": 48.72, "conf": 0.0317}, "t48": {"norm": 32.121, "conf": 0.1426}, "t96": {"norm": 41.733, "conf": 0.2776}, "t199": {"norm": 21.849, "conf": 0.0281}}, "tau_mean": 0.55, "tau_pinned_frac": 0.005, "gen": {"gen_trigram_transient": 0.7224, "gen_repeat_frac": 0.0684, "gen_sites": 96}}, "gov_w": 0.05, "gov_k_texture": 1.0, "gov_self": 0.4, "gov_adverse": false, "t": "13:21:54"}
{"step": 11525, "ce": 7.48537, "surp": 86.88299, "rent": 1.0, "div": -0.14111, "persist": -0.54923, "steps_per_s": 2.979, "t": "13:22:14"}
{"step": 11550, "self_mse": 0.18725, "var_floor": 0.56146, "contain": 389.52545, "rms": 20.4654, "max_norm": 53.73, "steps_per_s": 2.969, "t": "13:22:35"}
{"step": 11575, "ce": 6.79546, "surp": 84.72402, "rent": 1.0, "div": -0.14161, "persist": -0.54811, "steps_per_s": 2.96, "t": "13:22:55"}
{"step": 11600, "ce": 7.7033, "surp": 86.07907, "rent": 1.0, "div": -0.14188, "persist": -0.5591, "steps_per_s": 2.95, "t": "13:23:17"}
{"step": 11625, "ce": 7.09624, "surp": 82.13021, "rent": 1.0, "div": -0.14207, "persist": -0.56925, "steps_per_s": 2.939, "t": "13:23:41"}
{"step": 11650, "self_mse": 0.05916, "var_floor": 0.59199, "contain": 367.9332, "rms": 20.1576, "max_norm": 52.967, "steps_per_s": 2.929, "t": "13:24:03"}
{"step": 11675, "self_mse": 0.17252, "var_floor": 0.58201, "contain": 358.88519, "rms": 20.0349, "max_norm": 52.549, "steps_per_s": 2.918, "t": "13:24:26"}
{"step": 11700, "self_mse": 0.03517, "var_floor": 0.59406, "contain": 361.87106, "rms": 20.1056, "max_norm": 52.701, "steps_per_s": 2.907, "t": "13:24:50"}
{"step": 11725, "ce": 7.21732, "surp": 88.57131, "rent": 1.0, "div": -0.14217, "persist": -0.56635, "steps_per_s": 2.895, "t": "13:25:15"}
{"step": 11750, "ce": 6.29515, "surp": 84.38753, "rent": 1.0, "div": -0.14228, "persist": -0.57429, "steps_per_s": 2.886, "t": "13:25:37"}
{"step": 11775, "ce": 7.37019, "surp": 79.31061, "rent": 1.0, "div": -0.14195, "persist": -0.56043, "steps_per_s": 2.876, "t": "13:26:00"}
{"step": 11800, "ce": 7.26504, "surp": 78.90132, "rent": 1.0, "div": -0.14202, "persist": -0.59729, "steps_per_s": 2.867, "t": "13:26:21"}
{"step": 11825, "self_mse": 0.35107, "var_floor": 0.60436, "contain": 364.04742, "rms": 20.0946, "max_norm": 52.519, "steps_per_s": 2.859, "t": "13:26:41"}
{"step": 11850, "self_mse": 0.05742, "var_floor": 0.6063, "contain": 357.02051, "rms": 19.9868, "max_norm": 52.27, "steps_per_s": 2.851, "t": "13:27:02"}
{"step": 11875, "ce": 7.95775, "surp": 78.87643, "rent": 1.0, "div": -0.14234, "persist": -0.54529, "steps_per_s": 2.842, "t": "13:27:24"}
{"step": 11900, "ce": 6.87851, "surp": 75.53567, "rent": 1.0, "div": -0.1423, "persist": -0.53728, "steps_per_s": 2.832, "t": "13:27:48"}
{"step": 11925, "self_mse": 0.06199, "var_floor": 0.60966, "contain": 352.0184, "rms": 19.9413, "max_norm": 52.199, "steps_per_s": 2.824, "t": "13:28:08"}
{"step": 11950, "self_mse": 0.05873, "var_floor": 0.5995, "contain": 356.36658, "rms": 20.0049, "max_norm": 52.45, "steps_per_s": 2.816, "t": "13:28:28"}
{"step": 11975, "ce": 6.89738, "surp": 72.71146, "rent": 1.0, "div": -0.14224, "persist": -0.62463, "steps_per_s": 2.81, "t": "13:28:47"}
{"step": 12000, "ce": 5.7301, "surp": 75.70114, "rent": 0.99999, "div": -0.14244, "persist": -0.5469, "steps_per_s": 2.801, "t": "13:29:09"}
{"step": 12000, "val_ce_nats": 7.0159, "floor_L1": 7.1, "floor_L2": 4.47, "health": {"rho_exact": 0.0, "sites": 200, "entropy_norm": 1.0, "sign_hat": -1.0, "rms": 22.7206, "com_radius": 28.458, "spread_rms": 22.7206, "excursion": {"t24": {"norm": 48.298, "conf": 0.0332}, "t48": {"norm": 32.168, "conf": 0.1226}, "t96": {"norm": 41.149, "conf": 0.0327}, "t199": {"norm": 37.839, "conf": 0.1469}}, "tau_mean": 0.51, "tau_pinned_frac": 0.0, "gen": {"gen_trigram_transient": 0.7729, "gen_repeat_frac": 0.0397, "gen_sites": 96}}, "gov_w": 0.048, "gov_k_texture": 1.0, "gov_self": 0.4, "gov_adverse": false, "t": "13:29:37"}
{"step": 12025, "self_mse": 0.05596, "var_floor": 0.59445, "contain": 355.79553, "rms": 19.992, "max_norm": 52.674, "steps_per_s": 2.774, "t": "13:29:59"}
{"step": 12050, "ce": 7.01021, "surp": 73.13063, "rent": 0.99999, "div": -0.14236, "persist": -0.55928, "steps_per_s": 2.767, "t": "13:30:20"}
{"step": 12075, "self_mse": 0.06593, "var_floor": 0.52978, "contain": 363.53345, "rms": 20.2189, "max_norm": 52.838, "steps_per_s": 2.759, "t": "13:30:42"}
{"step": 12100, "ce": 6.89204, "surp": 72.85502, "rent": 1.0, "div": -0.14248, "persist": -0.54215, "steps_per_s": 2.751, "t": "13:31:04"}
{"step": 12125, "self_mse": 0.03208, "var_floor": 0.53104, "contain": 357.86206, "rms": 20.0938, "max_norm": 52.651, "steps_per_s": 2.744, "t": "13:31:24"}
{"step": 12150, "self_mse": 0.07819, "var_floor": 0.52088, "contain": 369.59726, "rms": 20.1966, "max_norm": 53.038, "steps_per_s": 2.737, "t": "13:31:45"}
{"step": 12175, "self_mse": 0.02372, "var_floor": 0.5084, "contain": 363.2453, "rms": 20.119, "max_norm": 52.79, "steps_per_s": 2.73, "t": "13:32:04"}
{"step": 12200, "self_mse": 0.09872, "var_floor": 0.51564, "contain": 361.76633, "rms": 20.1314, "max_norm": 52.757, "steps_per_s": 2.724, "t": "13:32:24"}
{"step": 12225, "ce": 7.34907, "surp": 69.60741, "rent": 1.0, "div": -0.14252, "persist": -0.54101, "steps_per_s": 2.717, "t": "13:32:45"}
{"step": 12250, "self_mse": 0.02625, "var_floor": 0.54125, "contain": 360.32007, "rms": 20.1236, "max_norm": 52.566, "steps_per_s": 2.709, "t": "13:33:07"}
{"step": 12275, "ce": 7.29731, "surp": 70.85178, "rent": 1.0, "div": -0.1424, "persist": -0.53897, "steps_per_s": 2.703, "t": "13:33:27"}
{"step": 12300, "ce": 6.72507, "surp": 66.76462, "rent": 1.0, "div": -0.1425, "persist": -0.54134, "steps_per_s": 2.695, "t": "13:33:49"}
{"step": 12325, "ce": 7.295, "surp": 64.18549, "rent": 1.0, "div": -0.14248, "persist": -0.55463, "steps_per_s": 2.688, "t": "13:34:11"}
{"step": 12350, "ce": 6.02947, "surp": 64.76956, "rent": 0.99999, "div": -0.14252, "persist": -0.56892, "steps_per_s": 2.681, "t": "13:34:32"}
{"step": 12375, "ce": 6.28469, "surp": 60.91925, "rent": 1.0, "div": -0.14251, "persist": -0.56219, "steps_per_s": 2.674, "t": "13:34:53"}
{"step": 12400, "ce": 7.52246, "surp": 60.96742, "rent": 1.0, "div": -0.14259, "persist": -0.5616, "steps_per_s": 2.667, "t": "13:35:14"}
{"step": 12425, "ce": 7.18798, "surp": 62.79775, "rent": 0.99999, "div": -0.14257, "persist": -0.56688, "steps_per_s": 2.661, "t": "13:35:34"}
{"step": 12450, "self_mse": 0.03655, "var_floor": 0.4886, "contain": 367.03265, "rms": 20.1703, "max_norm": 53.145, "steps_per_s": 2.654, "t": "13:35:57"}
{"step": 12475, "self_mse": 0.06372, "var_floor": 0.4804, "contain": 371.15143, "rms": 20.3031, "max_norm": 53.205, "steps_per_s": 2.647, "t": "13:36:18"}
{"step": 12500, "self_mse": 0.03913, "var_floor": 0.48655, "contain": 380.40247, "rms": 20.3339, "max_norm": 53.192, "steps_per_s": 2.642, "t": "13:36:36"}
{"step": 12500, "val_ce_nats": 6.9307, "floor_L1": 7.1, "floor_L2": 4.47, "health": {"rho_exact": 0.0, "sites": 200, "entropy_norm": 1.0, "sign_hat": -1.0, "rms": 22.94, "com_radius": 29.02, "spread_rms": 22.94, "excursion": {"t24": {"norm": 48.973, "conf": 0.0413}, "t48": {"norm": 32.423, "conf": 0.1081}, "t96": {"norm": 39.641, "conf": 0.0226}, "t199": {"norm": 33.687, "conf": 0.0322}}, "tau_mean": 0.51, "tau_pinned_frac": 0.0, "gen": {"gen_trigram_transient": 0.7184, "gen_repeat_frac": 0.0452, "gen_sites": 96}}, "gov_w": 0.047, "gov_k_texture": 1.0, "gov_self": 0.4, "gov_adverse": false, "t": "13:36:59"}
{"event": "ckpt", "step": 12500, "t": "13:37:00"}
{"step": 12525, "self_mse": 0.06164, "var_floor": 0.47718, "contain": 375.28522, "rms": 20.3409, "max_norm": 53.126, "steps_per_s": 2.622, "t": "13:37:23"}
{"step": 12550, "ce": 7.79023, "surp": 64.11479, "rent": 0.99992, "div": -0.14263, "persist": -0.56763, "steps_per_s": 2.614, "t": "13:37:46"}
{"step": 12575, "ce": 7.41083, "surp": 64.02929, "rent": 0.99983, "div": -0.14264, "persist": -0.56866, "steps_per_s": 2.608, "t": "13:38:07"}
{"step": 12600, "ce": 6.11577, "surp": 61.95463, "rent": 0.99945, "div": -0.14253, "persist": -0.57342, "steps_per_s": 2.603, "t": "13:38:26"}
{"step": 12625, "self_mse": 0.20241, "var_floor": 0.51096, "contain": 368.32477, "rms": 20.1804, "max_norm": 52.639, "steps_per_s": 2.597, "t": "13:38:47"}
{"step": 12650, "self_mse": 0.17396, "var_floor": 0.506, "contain": 370.78589, "rms": 20.1281, "max_norm": 52.615, "steps_per_s": 2.591, "t": "13:39:08"}
{"step": 12675, "self_mse": 0.06014, "var_floor": 0.50629, "contain": 359.82837, "rms": 20.0958, "max_norm": 52.551, "steps_per_s": 2.584, "t": "13:39:30"}
{"step": 12700, "ce": 7.21427, "surp": 80.30584, "rent": 0.89869, "div": -0.13671, "persist": -0.53214, "steps_per_s": 2.577, "t": "13:39:53"}
{"step": 12725, "ce": 7.50896, "surp": 84.89652, "rent": 0.94452, "div": -0.13055, "persist": -0.59566, "steps_per_s": 2.572, "t": "13:40:13"}
{"step": 12750, "ce": 6.81335, "surp": 82.88703, "rent": 0.93679, "div": -0.13116, "persist": -0.50433, "steps_per_s": 2.565, "t": "13:40:35"}
{"step": 12775, "ce": 7.25358, "surp": 99.64421, "rent": 0.99221, "div": -0.13836, "persist": -0.60024, "steps_per_s": 2.559, "t": "13:40:58"}
{"step": 12800, "self_mse": 0.16806, "var_floor": 0.78377, "contain": 555.97034, "rms": 21.7885, "max_norm": 56.567, "steps_per_s": 2.552, "t": "13:41:20"}
{"step": 12825, "self_mse": 0.15443, "var_floor": 0.79259, "contain": 596.16345, "rms": 21.7481, "max_norm": 56.454, "steps_per_s": 2.528, "t": "13:42:19"}
{"step": 12850, "self_mse": 0.14243, "var_floor": 0.77933, "contain": 586.22534, "rms": 21.8247, "max_norm": 57.22, "steps_per_s": 2.492, "t": "13:43:41"}
{"step": 12875, "ce": 7.29573, "surp": 99.67851, "rent": 0.99038, "div": -0.14203, "persist": -0.86314, "steps_per_s": 2.458, "t": "13:45:03"}
{"step": 12900, "self_mse": 0.0687, "var_floor": 0.73604, "contain": 565.19019, "rms": 21.5725, "max_norm": 56.571, "steps_per_s": 2.453, "t": "13:45:24"}
{"step": 12925, "ce": 7.08996, "surp": 97.65201, "rent": 0.99993, "div": -0.14225, "persist": -0.71849, "steps_per_s": 2.447, "t": "13:45:47"}
{"step": 12950, "ce": 6.23329, "surp": 92.62918, "rent": 0.99954, "div": -0.1425, "persist": -0.78519, "steps_per_s": 2.441, "t": "13:46:10"}
{"step": 12975, "ce": 7.29242, "surp": 87.30979, "rent": 0.99959, "div": -0.14256, "persist": -1.11802, "steps_per_s": 2.436, "t": "13:46:31"}
{"step": 13000, "self_mse": 0.05694, "var_floor": 0.68484, "contain": 568.41602, "rms": 21.3897, "max_norm": 56.834, "steps_per_s": 2.431, "t": "13:46:53"}
{"step": 13000, "val_ce_nats": 7.0216, "floor_L1": 7.1, "floor_L2": 4.47, "health": {"rho_exact": 0.0, "sites": 200, "entropy_norm": 1.0, "sign_hat": -1.0, "rms": 24.1592, "com_radius": 8.956, "spread_rms": 24.1592, "excursion": {"t24": {"norm": 48.326, "conf": 0.8451}, "t48": {"norm": 19.681, "conf": 0.4869}, "t96": {"norm": 22.202, "conf": 0.0258}, "t199": {"norm": 21.54, "conf": 0.0204}}, "tau_mean": 0.55, "tau_pinned_frac": 0.001, "gen": {"gen_trigram_transient": 0.7854, "gen_repeat_frac": 0.0323, "gen_sites": 96}}, "gov_w": 0.045, "gov_k_texture": 1.0, "gov_self": 0.4, "gov_adverse": false, "t": "13:47:20"}
{"step": 13025, "self_mse": 0.39031, "var_floor": 0.67185, "contain": 572.91638, "rms": 21.4555, "max_norm": 56.876, "steps_per_s": 2.413, "t": "13:47:44"}
{"step": 13050, "ce": 7.09815, "surp": 85.39421, "rent": 0.99898, "div": -0.14262, "persist": -1.56075, "steps_per_s": 2.406, "t": "13:48:08"}
{"step": 13075, "ce": 6.77773, "surp": 83.61948, "rent": 0.99632, "div": -0.14269, "persist": -1.75659, "steps_per_s": 2.402, "t": "13:48:28"}
{"step": 13100, "ce": 6.48589, "surp": 80.98707, "rent": 0.98295, "div": -0.14265, "persist": -2.00779, "steps_per_s": 2.398, "t": "13:48:49"}
{"step": 13125, "self_mse": 0.05005, "var_floor": 0.6567, "contain": 545.98236, "rms": 21.2633, "max_norm": 56.595, "steps_per_s": 2.393, "t": "13:49:09"}
{"step": 13150, "self_mse": 0.10047, "var_floor": 0.67775, "contain": 552.27582, "rms": 21.2654, "max_norm": 56.661, "steps_per_s": 2.388, "t": "13:49:33"}
{"step": 13175, "ce": 7.37875, "surp": 78.96121, "rent": 0.99983, "div": -0.14268, "persist": -2.38545, "steps_per_s": 2.383, "t": "13:49:55"}
{"step": 13200, "self_mse": 0.06796, "var_floor": 0.63852, "contain": 548.64734, "rms": 21.2975, "max_norm": 56.853, "steps_per_s": 2.378, "t": "13:50:15"}
{"step": 13225, "self_mse": 0.05258, "var_floor": 0.63544, "contain": 557.28888, "rms": 21.2264, "max_norm": 57.051, "steps_per_s": 2.374, "t": "13:50:37"}
{"step": 13250, "self_mse": 0.03751, "var_floor": 0.62404, "contain": 557.85205, "rms": 21.1859, "max_norm": 57.248, "steps_per_s": 2.37, "t": "13:50:55"}
{"step": 13275, "ce": 7.10558, "surp": 76.26972, "rent": 0.99729, "div": -0.14268, "persist": -3.24986, "steps_per_s": 2.367, "t": "13:51:15"}
{"step": 13300, "ce": 6.0571, "surp": 75.13235, "rent": 0.99812, "div": -0.14275, "persist": -3.3134, "steps_per_s": 2.361, "t": "13:51:37"}
{"step": 13325, "ce": 7.31189, "surp": 76.69938, "rent": 0.99952, "div": -0.14269, "persist": -3.15236, "steps_per_s": 2.357, "t": "13:51:58"}
{"step": 13350, "ce": 7.53944, "surp": 74.38703, "rent": 0.99998, "div": -0.14268, "persist": -3.46406, "steps_per_s": 2.352, "t": "13:52:21"}
{"step": 13375, "ce": 7.41391, "surp": 72.1024, "rent": 0.99993, "div": -0.14275, "persist": -3.426, "steps_per_s": 2.348, "t": "13:52:42"}
{"step": 13400, "ce": 7.56456, "surp": 71.60501, "rent": 0.99994, "div": -0.14275, "persist": -3.69583, "steps_per_s": 2.343, "t": "13:53:04"}
{"step": 13425, "ce": 7.15563, "surp": 68.76289, "rent": 0.99923, "div": -0.14275, "persist": -3.68208, "steps_per_s": 2.339, "t": "13:53:24"}
{"step": 13450, "self_mse": 0.02467, "var_floor": 0.61946, "contain": 556.9425, "rms": 21.1818, "max_norm": 57.158, "steps_per_s": 2.333, "t": "13:53:50"}
{"step": 13475, "self_mse": 0.11181, "var_floor": 0.60814, "contain": 555.00378, "rms": 21.182, "max_norm": 57.202, "steps_per_s": 2.328, "t": "13:54:14"}
{"step": 13500, "ce": 6.1564, "surp": 68.40594, "rent": 0.96391, "div": -0.13941, "persist": -0.52401, "steps_per_s": 2.323, "t": "13:54:36"}
{"step": 13500, "val_ce_nats": 6.9537, "floor_L1": 7.1, "floor_L2": 4.47, "health": {"rho_exact": 0.0, "sites": 200, "entropy_norm": 1.0, "sign_hat": -1.0, "rms": 24.8517, "com_radius": 9.606, "spread_rms": 24.8517, "excursion": {"t24": {"norm": 50.317, "conf": 0.2108}, "t48": {"norm": 18.635, "conf": 0.1312}, "t96": {"norm": 21.903, "conf": 0.0265}, "t199": {"norm": 23.058, "conf": 0.0268}}, "tau_mean": 0.96, "tau_pinned_frac": 0.008, "gen": {"gen_trigram_transient": 0.8047, "gen_repeat_frac": 0.0331, "gen_sites": 96}}, "gov_w": 0.044, "gov_k_texture": 1.0, "gov_self": 0.4, "gov_adverse": false, "t": "13:55:03"}
{"step": 13525, "ce": 7.59707, "surp": 73.17969, "rent": 0.98887, "div": -0.13987, "persist": -0.5007, "steps_per_s": 2.308, "t": "13:55:26"}
{"step": 13550, "ce": 7.14949, "surp": 88.9387, "rent": 1.0, "div": -0.14045, "persist": -0.83483, "steps_per_s": 2.303, "t": "13:55:48"}
{"step": 13575, "self_mse": 0.2386, "var_floor": 0.57721, "contain": 565.25549, "rms": 21.6554, "max_norm": 57.574, "steps_per_s": 2.299, "t": "13:56:09"}
{"step": 13600, "self_mse": 0.25394, "var_floor": 0.56103, "contain": 550.81006, "rms": 21.5599, "max_norm": 57.498, "steps_per_s": 2.295, "t": "13:56:32"}
{"step": 13625, "self_mse": 0.88004, "var_floor": 0.5159, "contain": 580.18304, "rms": 21.6988, "max_norm": 57.776, "steps_per_s": 2.285, "t": "13:57:09"}
{"step": 13650, "self_mse": 0.2218, "var_floor": 0.54749, "contain": 553.40979, "rms": 21.3061, "max_norm": 57.272, "steps_per_s": 2.281, "t": "13:57:31"}
{"step": 13675, "self_mse": 0.12946, "var_floor": 0.52397, "contain": 540.6167, "rms": 21.2311, "max_norm": 57.124, "steps_per_s": 2.277, "t": "13:57:50"}
{"step": 13700, "ce": 6.88261, "surp": 88.33837, "rent": 0.98518, "div": -0.14169, "persist": -0.77042, "steps_per_s": 2.274, "t": "13:58:11"}
